-- phpMyAdmin SQL Dump
-- version 4.1.12
-- http://www.phpmyadmin.net
--
-- Host: wh-db51.csloxinfo.com:3306
-- Generation Time: 
-- Server version: 5.1.69
-- PHP Version: 5.4.32

SET SQL_MODE = "NO_AUTO_VALUE_ON_ZERO";
SET time_zone = "+00:00";


/*!40101 SET @OLD_CHARACTER_SET_CLIENT=@@CHARACTER_SET_CLIENT */;
/*!40101 SET @OLD_CHARACTER_SET_RESULTS=@@CHARACTER_SET_RESULTS */;
/*!40101 SET @OLD_COLLATION_CONNECTION=@@COLLATION_CONNECTION */;
/*!40101 SET NAMES utf8 */;

--
-- Database: `bangkokdb`
--

-- --------------------------------------------------------

--
-- โครงสร้างตาราง `st_class`
--

CREATE TABLE IF NOT EXISTS `st_class` (
  `id` int(10) unsigned NOT NULL AUTO_INCREMENT,
  `name` varchar(255) COLLATE utf8_unicode_ci NOT NULL,
  `duration_from` date DEFAULT NULL,
  `duration_to` date DEFAULT NULL,
  `ticket_time_inherit` int(1) NOT NULL DEFAULT '0',
  `quota` int(11) NOT NULL DEFAULT '50',
  `status` varchar(1) COLLATE utf8_unicode_ci NOT NULL DEFAULT 'i',
  PRIMARY KEY (`id`),
  UNIQUE KEY `st_class_name_unique` (`name`)
) ENGINE=InnoDB  DEFAULT CHARSET=utf8 COLLATE=utf8_unicode_ci AUTO_INCREMENT=25 ;

--
-- dump ตาราง `st_class`
--

INSERT INTO `st_class` (`id`, `name`, `duration_from`, `duration_to`, `ticket_time_inherit`, `quota`, `status`) VALUES
(1, 'Tripwire (Laser Room)', '2017-01-01', '2017-12-31', 0, 50, 'i'),
(9, 'OPEN JUMP (Weekends & Holidays)', '2016-09-01', '2016-12-31', 0, 50, 'i'),
(10, 'OCTOBER (School Break Special)', '2016-10-01', '2016-10-30', 0, 50, 'i'),
(11, 'STANDARD JUMP TIME (1 hr. 350 baht)', '2017-10-01', '2017-10-29', 0, 50, 'a'),
(12, 'Children''s day (ONLY @ Sat 14 Jan 17) : Come 2 pay for 1', '2017-01-13', '2017-01-14', 0, 50, 'i'),
(18, 'ROCKIN'' MONDAYS (Unlimited jump 490 baht/ exclude holidays)', '2016-11-01', '2017-03-31', 0, 50, 'a'),
(19, 'ROCKIN'' TUESDAYS (Unlimited jump 490 baht/ exclude holidays)', '2016-11-01', '2017-03-31', 0, 50, 'a'),
(20, 'ROCKIN'' THURSDAYS (2 hrs. 390 baht/ exclude holidays)', '2016-11-01', '2017-12-31', 0, 50, 'a'),
(21, 'ROCKIN'' FRIDAYS (700 Baht/ 4 hrs. @ 4-8PM/ exclude holidays)', '2017-06-23', '2017-12-31', 1, 50, 'a'),
(22, 'ROCKIN'' FUN PACK (SAT & SUN ONLY)', '2017-06-24', '2017-12-31', 1, 50, 'a'),
(23, 'ROCKIN'' ROBICS', '2016-09-01', '2016-12-31', 1, 10, 'a'),
(24, 'ROCKIN'' GYMNASTICS ON TRAMPOLINES', '2016-09-01', '2016-12-31', 1, 10, 'a');

-- --------------------------------------------------------

--
-- โครงสร้างตาราง `st_class_daytime`
--

CREATE TABLE IF NOT EXISTS `st_class_daytime` (
  `id` int(10) unsigned NOT NULL AUTO_INCREMENT,
  `class_id` int(10) unsigned NOT NULL,
  `day` varchar(255) COLLATE utf8_unicode_ci NOT NULL,
  `duration_from` time NOT NULL,
  `duration_to` time NOT NULL,
  `status` varchar(1) COLLATE utf8_unicode_ci NOT NULL DEFAULT 'a',
  PRIMARY KEY (`id`),
  KEY `st_class_daytime_class_id_foreign` (`class_id`)
) ENGINE=InnoDB  DEFAULT CHARSET=utf8 COLLATE=utf8_unicode_ci AUTO_INCREMENT=575 ;

--
-- dump ตาราง `st_class_daytime`
--

INSERT INTO `st_class_daytime` (`id`, `class_id`, `day`, `duration_from`, `duration_to`, `status`) VALUES
(1, 1, '2', '14:00:00', '20:00:00', 'i'),
(2, 1, '3', '14:00:00', '20:00:00', 'i'),
(3, 1, '4', '14:00:00', '20:00:00', 'i'),
(4, 1, '5', '12:00:00', '22:00:00', 'i'),
(5, 1, '6', '09:00:00', '10:00:00', 'i'),
(6, 1, '0', '09:00:00', '21:00:00', 'i'),
(46, 1, '0', '09:00:00', '21:00:00', 'i'),
(47, 1, '2', '14:00:00', '20:00:00', 'i'),
(48, 1, '3', '14:00:00', '20:00:00', 'i'),
(49, 1, '4', '14:00:00', '20:00:00', 'i'),
(50, 1, '5', '12:00:00', '22:00:00', 'i'),
(51, 1, '6', '09:00:00', '10:00:00', 'i'),
(80, 1, '3', '14:00:00', '20:00:00', 'i'),
(81, 1, '5', '12:00:00', '22:00:00', 'i'),
(82, 9, '6', '09:00:00', '22:00:00', 'i'),
(83, 9, '0', '09:00:00', '21:00:00', 'i'),
(85, 10, '1', '12:00:00', '20:00:00', 'i'),
(86, 10, '2', '00:00:00', '20:00:00', 'i'),
(87, 10, '3', '00:00:00', '20:00:00', 'i'),
(88, 10, '4', '00:00:00', '20:00:00', 'i'),
(89, 10, '5', '00:00:00', '22:00:00', 'i'),
(90, 10, '6', '09:00:00', '22:00:00', 'i'),
(91, 10, '0', '09:00:00', '21:00:00', 'i'),
(92, 10, '0', '09:00:00', '21:00:00', 'i'),
(93, 10, '1', '12:00:00', '20:00:00', 'i'),
(94, 10, '2', '00:00:00', '20:00:00', 'i'),
(95, 10, '3', '00:00:00', '20:00:00', 'i'),
(96, 10, '4', '00:00:00', '20:00:00', 'i'),
(97, 10, '5', '00:00:00', '22:00:00', 'i'),
(98, 10, '6', '09:00:00', '22:00:00', 'i'),
(99, 1, '3', '14:00:00', '20:00:00', 'i'),
(100, 1, '5', '12:00:00', '22:00:00', 'i'),
(103, 9, '0', '09:00:00', '21:00:00', 'i'),
(104, 9, '6', '09:00:00', '22:00:00', 'i'),
(105, 10, '0', '09:00:00', '21:00:00', 'i'),
(106, 10, '1', '12:00:00', '20:00:00', 'i'),
(107, 10, '2', '00:00:00', '20:00:00', 'i'),
(108, 10, '3', '00:00:00', '20:00:00', 'i'),
(109, 10, '4', '00:00:00', '20:00:00', 'i'),
(110, 10, '5', '00:00:00', '22:00:00', 'i'),
(111, 10, '6', '09:00:00', '22:00:00', 'i'),
(112, 10, '0', '09:00:00', '21:00:00', 'i'),
(113, 10, '1', '12:00:00', '20:00:00', 'i'),
(114, 10, '2', '00:00:00', '20:00:00', 'i'),
(115, 10, '3', '00:00:00', '20:00:00', 'i'),
(116, 10, '4', '00:00:00', '20:00:00', 'i'),
(117, 10, '5', '00:00:00', '22:00:00', 'i'),
(118, 10, '6', '09:00:00', '22:00:00', 'i'),
(120, 10, '0', '09:00:00', '21:00:00', 'i'),
(121, 10, '1', '12:00:00', '20:00:00', 'i'),
(122, 10, '2', '00:00:00', '20:00:00', 'i'),
(123, 10, '3', '00:00:00', '20:00:00', 'i'),
(124, 10, '4', '00:00:00', '20:00:00', 'i'),
(125, 10, '5', '00:00:00', '22:00:00', 'i'),
(126, 10, '6', '09:00:00', '22:00:00', 'i'),
(127, 1, '3', '14:00:00', '20:00:00', 'i'),
(128, 1, '5', '12:00:00', '22:00:00', 'i'),
(129, 9, '0', '09:00:00', '21:00:00', 'i'),
(130, 9, '6', '09:00:00', '22:00:00', 'i'),
(131, 9, '0', '09:00:00', '21:00:00', 'i'),
(132, 9, '6', '09:00:00', '22:00:00', 'i'),
(133, 1, '3', '14:00:00', '20:00:00', 'i'),
(134, 1, '5', '12:00:00', '22:00:00', 'i'),
(135, 1, '3', '14:00:00', '20:00:00', 'i'),
(136, 1, '3', '14:00:00', '20:00:00', 'i'),
(137, 1, '5', '12:00:00', '19:00:00', 'i'),
(138, 9, '0', '09:00:00', '21:00:00', 'i'),
(139, 9, '6', '09:00:00', '22:00:00', 'i'),
(140, 9, '0', '09:00:00', '21:00:00', 'i'),
(141, 9, '6', '09:00:00', '22:00:00', 'i'),
(142, 1, '3', '14:00:00', '20:00:00', 'i'),
(143, 1, '5', '12:00:00', '19:00:00', 'i'),
(156, 9, '0', '09:00:00', '21:00:00', 'a'),
(157, 9, '6', '09:00:00', '22:00:00', 'a'),
(158, 10, '0', '09:00:00', '21:00:00', 'i'),
(159, 10, '1', '12:00:00', '20:00:00', 'i'),
(160, 10, '2', '00:00:00', '20:00:00', 'i'),
(161, 10, '3', '00:00:00', '20:00:00', 'i'),
(162, 10, '4', '00:00:00', '20:00:00', 'i'),
(163, 10, '5', '00:00:00', '22:00:00', 'i'),
(164, 10, '6', '09:00:00', '22:00:00', 'i'),
(165, 10, '0', '09:00:00', '21:00:00', 'i'),
(166, 10, '1', '12:00:00', '20:00:00', 'i'),
(167, 10, '2', '00:00:00', '20:00:00', 'i'),
(168, 10, '3', '00:00:00', '20:00:00', 'i'),
(169, 10, '4', '00:00:00', '20:00:00', 'i'),
(170, 10, '5', '00:00:00', '22:00:00', 'i'),
(171, 10, '6', '09:00:00', '22:00:00', 'i'),
(172, 10, '0', '09:00:00', '21:00:00', 'i'),
(173, 10, '1', '12:00:00', '20:00:00', 'i'),
(174, 10, '2', '00:00:00', '20:00:00', 'i'),
(175, 10, '3', '00:00:00', '20:00:00', 'i'),
(176, 10, '4', '00:00:00', '20:00:00', 'i'),
(177, 10, '5', '00:00:00', '22:00:00', 'i'),
(178, 10, '6', '09:00:00', '22:00:00', 'i'),
(179, 10, '0', '09:00:00', '21:00:00', 'i'),
(180, 10, '1', '12:00:00', '20:00:00', 'i'),
(181, 10, '2', '00:00:00', '20:00:00', 'i'),
(182, 10, '3', '00:00:00', '20:00:00', 'i'),
(183, 10, '4', '00:00:00', '20:00:00', 'i'),
(184, 10, '5', '00:00:00', '22:00:00', 'i'),
(185, 10, '6', '09:00:00', '22:00:00', 'i'),
(186, 11, '3', '14:00:00', '20:00:00', 'i'),
(187, 11, '5', '12:00:00', '19:00:00', 'i'),
(188, 12, '6', '09:00:00', '22:00:00', 'i'),
(189, 12, '0', '09:00:00', '21:00:00', 'i'),
(190, 18, '1', '12:00:00', '20:00:00', 'i'),
(191, 18, '1', '12:00:00', '20:00:00', 'i'),
(192, 18, '1', '12:00:00', '20:00:00', 'i'),
(193, 18, '1', '12:00:00', '20:00:00', 'i'),
(194, 18, '1', '12:00:00', '20:00:00', 'i'),
(195, 19, '2', '14:00:00', '20:00:00', 'i'),
(196, 19, '2', '14:00:00', '20:00:00', 'i'),
(197, 20, '4', '14:00:00', '20:00:00', 'i'),
(198, 10, '0', '09:00:00', '21:00:00', 'i'),
(199, 10, '1', '12:00:00', '20:00:00', 'i'),
(200, 10, '2', '00:00:00', '20:00:00', 'i'),
(201, 10, '3', '00:00:00', '20:00:00', 'i'),
(202, 10, '4', '00:00:00', '20:00:00', 'i'),
(203, 10, '5', '00:00:00', '22:00:00', 'i'),
(204, 10, '6', '09:00:00', '22:00:00', 'i'),
(205, 21, '5', '19:00:00', '22:00:00', 'i'),
(206, 22, '3', '09:00:00', '11:00:00', 'i'),
(207, 22, '6', '09:00:00', '11:00:00', 'i'),
(208, 23, '3', '10:00:00', '11:00:00', 'i'),
(209, 23, '3', '19:00:00', '20:00:00', 'i'),
(210, 24, '4', '16:30:00', '17:30:00', 'i'),
(211, 24, '4', '17:30:00', '18:30:00', 'i'),
(212, 24, '5', '16:30:00', '17:30:00', 'i'),
(213, 24, '5', '17:30:00', '18:30:00', 'i'),
(214, 23, '3', '10:00:00', '11:00:00', 'i'),
(215, 23, '3', '19:00:00', '20:00:00', 'i'),
(216, 11, '5', '12:00:00', '19:00:00', 'i'),
(217, 11, '3', '14:00:00', '19:30:00', 'i'),
(218, 11, '3', '14:00:00', '19:30:00', 'i'),
(219, 11, '5', '00:00:00', '18:00:00', 'i'),
(220, 11, '3', '14:00:00', '19:30:00', 'i'),
(221, 11, '5', '12:00:00', '18:30:00', 'i'),
(222, 11, '3', '14:00:00', '19:30:00', 'i'),
(223, 11, '5', '12:00:00', '19:00:00', 'i'),
(224, 21, '5', '19:00:00', '22:00:00', 'i'),
(225, 18, '1', '12:00:00', '20:00:00', 'i'),
(226, 19, '2', '14:00:00', '20:00:00', 'i'),
(227, 10, '0', '09:00:00', '21:00:00', 'i'),
(228, 10, '1', '12:00:00', '20:00:00', 'i'),
(229, 10, '2', '00:00:00', '20:00:00', 'i'),
(230, 10, '3', '00:00:00', '20:00:00', 'i'),
(231, 10, '4', '00:00:00', '20:00:00', 'i'),
(232, 10, '5', '00:00:00', '22:00:00', 'i'),
(233, 10, '6', '09:00:00', '22:00:00', 'i'),
(234, 18, '1', '12:00:00', '20:00:00', 'i'),
(235, 10, '0', '09:00:00', '21:00:00', 'i'),
(236, 10, '1', '12:00:00', '20:00:00', 'i'),
(237, 10, '2', '00:00:00', '20:00:00', 'i'),
(238, 10, '3', '00:00:00', '20:00:00', 'i'),
(239, 10, '4', '00:00:00', '20:00:00', 'i'),
(240, 10, '5', '00:00:00', '22:00:00', 'i'),
(241, 10, '6', '09:00:00', '22:00:00', 'i'),
(242, 21, '5', '19:00:00', '22:00:00', 'i'),
(243, 22, '3', '09:00:00', '11:00:00', 'i'),
(244, 22, '6', '09:00:00', '11:00:00', 'i'),
(245, 21, '5', '19:00:00', '22:00:00', 'i'),
(246, 22, '3', '09:00:00', '11:00:00', 'i'),
(247, 22, '6', '09:00:00', '11:00:00', 'i'),
(248, 10, '1', '10:00:00', '20:00:00', 'i'),
(249, 10, '2', '10:00:00', '20:00:00', 'i'),
(250, 10, '3', '10:00:00', '20:00:00', 'i'),
(251, 10, '4', '10:00:00', '20:00:00', 'i'),
(252, 10, '5', '10:00:00', '20:00:00', 'i'),
(253, 10, '6', '10:00:00', '20:00:00', 'i'),
(254, 10, '0', '10:00:00', '20:00:00', 'i'),
(255, 22, '3', '09:00:00', '11:00:00', 'i'),
(256, 22, '6', '09:00:00', '11:00:00', 'i'),
(257, 10, '0', '10:00:00', '20:00:00', 'i'),
(258, 10, '1', '10:00:00', '20:00:00', 'i'),
(259, 10, '2', '10:00:00', '20:00:00', 'i'),
(260, 10, '3', '10:00:00', '20:00:00', 'i'),
(261, 10, '4', '10:00:00', '20:00:00', 'i'),
(262, 10, '5', '10:00:00', '20:00:00', 'i'),
(263, 10, '6', '10:00:00', '20:00:00', 'i'),
(264, 21, '5', '19:00:00', '22:00:00', 'i'),
(265, 20, '4', '10:00:00', '20:00:00', 'i'),
(266, 19, '2', '14:00:00', '20:00:00', 'i'),
(267, 20, '4', '10:00:00', '20:00:00', 'i'),
(268, 10, '0', '10:00:00', '20:00:00', 'i'),
(269, 10, '1', '10:00:00', '20:00:00', 'i'),
(270, 10, '2', '10:00:00', '20:00:00', 'i'),
(271, 10, '3', '10:00:00', '20:00:00', 'i'),
(272, 10, '4', '10:00:00', '20:00:00', 'i'),
(273, 10, '5', '10:00:00', '20:00:00', 'i'),
(274, 10, '6', '10:00:00', '20:00:00', 'i'),
(275, 24, '4', '16:30:00', '17:30:00', 'i'),
(276, 24, '4', '17:30:00', '18:30:00', 'i'),
(277, 24, '5', '16:30:00', '17:30:00', 'i'),
(278, 24, '5', '17:30:00', '18:30:00', 'i'),
(279, 10, '0', '10:00:00', '20:00:00', 'i'),
(280, 10, '1', '10:00:00', '20:00:00', 'i'),
(281, 10, '2', '10:00:00', '20:00:00', 'i'),
(282, 10, '3', '10:00:00', '20:00:00', 'i'),
(283, 10, '4', '10:00:00', '20:00:00', 'i'),
(284, 10, '5', '10:00:00', '20:00:00', 'i'),
(285, 10, '6', '10:00:00', '20:00:00', 'i'),
(286, 10, '0', '10:00:00', '20:00:00', 'i'),
(287, 10, '1', '10:00:00', '20:00:00', 'i'),
(288, 10, '2', '10:00:00', '20:00:00', 'i'),
(289, 10, '3', '10:00:00', '20:00:00', 'i'),
(290, 10, '4', '10:00:00', '20:00:00', 'i'),
(291, 10, '5', '10:00:00', '20:00:00', 'i'),
(292, 10, '6', '10:00:00', '20:00:00', 'i'),
(293, 10, '0', '10:00:00', '20:00:00', 'i'),
(294, 10, '1', '10:00:00', '20:00:00', 'i'),
(295, 10, '2', '10:00:00', '20:00:00', 'i'),
(296, 10, '3', '10:00:00', '20:00:00', 'i'),
(297, 10, '4', '10:00:00', '20:00:00', 'i'),
(298, 10, '5', '10:00:00', '20:00:00', 'i'),
(299, 10, '6', '10:00:00', '20:00:00', 'i'),
(300, 11, '3', '14:00:00', '19:30:00', 'i'),
(301, 11, '5', '12:00:00', '19:00:00', 'i'),
(302, 12, '0', '09:00:00', '21:00:00', 'i'),
(303, 12, '6', '09:00:00', '22:00:00', 'i'),
(304, 10, '0', '10:00:00', '20:00:00', 'i'),
(305, 10, '1', '10:00:00', '20:00:00', 'i'),
(306, 10, '2', '10:00:00', '20:00:00', 'i'),
(307, 10, '3', '10:00:00', '20:00:00', 'i'),
(308, 10, '4', '10:00:00', '20:00:00', 'i'),
(309, 10, '5', '10:00:00', '20:00:00', 'i'),
(310, 10, '6', '10:00:00', '20:00:00', 'i'),
(311, 20, '4', '10:00:00', '20:00:00', 'i'),
(312, 20, '4', '10:00:00', '20:00:00', 'i'),
(313, 11, '3', '14:00:00', '20:00:00', 'i'),
(314, 11, '5', '14:00:00', '20:00:00', 'i'),
(315, 11, '6', '14:00:00', '20:00:00', 'i'),
(316, 11, '0', '14:00:00', '20:00:00', 'i'),
(317, 18, '1', '14:00:00', '20:00:00', 'i'),
(318, 19, '2', '14:00:00', '20:00:00', 'i'),
(319, 20, '4', '14:00:00', '20:00:00', 'i'),
(320, 23, '3', '19:00:00', '20:00:00', 'i'),
(321, 24, '4', '16:30:00', '17:30:00', 'i'),
(322, 24, '4', '17:30:00', '18:30:00', 'i'),
(323, 24, '5', '16:30:00', '17:30:00', 'i'),
(324, 24, '5', '17:30:00', '18:30:00', 'i'),
(325, 10, '0', '10:00:00', '20:00:00', 'i'),
(326, 10, '1', '10:00:00', '20:00:00', 'i'),
(327, 10, '2', '10:00:00', '20:00:00', 'i'),
(328, 10, '3', '10:00:00', '20:00:00', 'i'),
(329, 10, '4', '10:00:00', '20:00:00', 'i'),
(330, 10, '5', '10:00:00', '20:00:00', 'i'),
(331, 10, '6', '10:00:00', '20:00:00', 'i'),
(332, 11, '0', '14:00:00', '20:00:00', 'i'),
(333, 11, '3', '14:00:00', '20:00:00', 'i'),
(334, 11, '5', '14:00:00', '20:00:00', 'i'),
(335, 11, '6', '14:00:00', '20:00:00', 'i'),
(336, 11, '3', '14:00:00', '19:30:00', 'i'),
(337, 11, '0', '14:00:00', '20:00:00', 'i'),
(338, 11, '3', '14:00:00', '20:00:00', 'i'),
(339, 11, '3', '14:00:00', '19:30:00', 'i'),
(340, 11, '5', '14:00:00', '20:00:00', 'i'),
(341, 11, '6', '14:00:00', '20:00:00', 'i'),
(342, 11, '0', '14:00:00', '20:00:00', 'i'),
(343, 11, '3', '14:00:00', '20:00:00', 'i'),
(344, 11, '3', '14:00:00', '19:30:00', 'i'),
(345, 11, '5', '14:00:00', '20:00:00', 'i'),
(346, 11, '6', '14:00:00', '20:00:00', 'i'),
(347, 11, '3', '14:00:00', '19:30:00', 'i'),
(348, 11, '5', '14:00:00', '19:30:00', 'i'),
(349, 11, '6', '14:00:00', '19:30:00', 'i'),
(350, 11, '0', '14:00:00', '19:30:00', 'i'),
(351, 10, '0', '10:00:00', '20:00:00', 'i'),
(352, 10, '1', '10:00:00', '20:00:00', 'i'),
(353, 10, '2', '10:00:00', '20:00:00', 'i'),
(354, 10, '3', '10:00:00', '20:00:00', 'i'),
(355, 10, '4', '10:00:00', '20:00:00', 'i'),
(356, 10, '5', '10:00:00', '20:00:00', 'i'),
(357, 10, '6', '10:00:00', '20:00:00', 'i'),
(358, 18, '1', '14:00:00', '19:30:00', 'i'),
(359, 19, '2', '14:00:00', '19:30:00', 'i'),
(360, 20, '4', '10:00:00', '19:30:00', 'i'),
(361, 11, '0', '14:00:00', '19:30:00', 'i'),
(362, 11, '3', '14:00:00', '19:30:00', 'i'),
(363, 11, '5', '14:00:00', '19:30:00', 'i'),
(364, 11, '6', '14:00:00', '19:30:00', 'i'),
(365, 10, '0', '10:00:00', '20:00:00', 'a'),
(366, 10, '1', '10:00:00', '20:00:00', 'a'),
(367, 10, '2', '10:00:00', '20:00:00', 'a'),
(368, 10, '3', '10:00:00', '20:00:00', 'a'),
(369, 10, '4', '10:00:00', '20:00:00', 'a'),
(370, 10, '5', '10:00:00', '20:00:00', 'a'),
(371, 10, '6', '10:00:00', '20:00:00', 'a'),
(372, 11, '0', '14:00:00', '19:30:00', 'i'),
(373, 11, '3', '14:00:00', '19:30:00', 'i'),
(374, 11, '5', '14:00:00', '19:30:00', 'i'),
(375, 11, '6', '14:00:00', '19:30:00', 'i'),
(376, 18, '1', '14:00:00', '19:30:00', 'i'),
(377, 19, '2', '14:00:00', '19:30:00', 'i'),
(378, 23, '3', '19:00:00', '20:00:00', 'i'),
(379, 11, '3', '11:00:00', '19:30:00', 'i'),
(380, 11, '5', '11:00:00', '19:30:00', 'i'),
(381, 11, '0', '10:00:00', '19:30:00', 'i'),
(382, 11, '6', '10:00:00', '19:30:00', 'i'),
(383, 18, '1', '11:00:00', '19:30:00', 'i'),
(384, 19, '2', '11:00:00', '19:30:00', 'i'),
(385, 20, '4', '11:00:00', '19:30:00', 'i'),
(386, 21, '5', '19:00:00', '22:00:00', 'i'),
(387, 21, '5', '19:00:00', '22:00:00', 'i'),
(388, 18, '1', '11:00:00', '19:30:00', 'i'),
(389, 21, '5', '19:00:00', '22:00:00', 'i'),
(390, 11, '0', '10:00:00', '19:30:00', 'i'),
(391, 11, '6', '10:00:00', '19:30:00', 'i'),
(392, 11, '3', '14:00:00', '19:30:00', 'i'),
(393, 11, '5', '14:00:00', '19:30:00', 'i'),
(394, 18, '1', '11:00:00', '19:30:00', 'i'),
(395, 18, '1', '14:00:00', '19:30:00', 'i'),
(396, 18, '1', '14:00:00', '19:30:00', 'i'),
(397, 19, '2', '14:00:00', '19:30:00', 'i'),
(398, 20, '4', '14:00:00', '19:30:00', 'i'),
(399, 11, '0', '10:00:00', '19:30:00', 'i'),
(400, 11, '3', '14:00:00', '19:30:00', 'i'),
(401, 11, '5', '14:00:00', '19:30:00', 'i'),
(402, 11, '6', '10:00:00', '19:30:00', 'i'),
(403, 11, '4', '14:00:00', '19:30:00', 'i'),
(404, 24, '4', '16:30:00', '17:30:00', 'i'),
(405, 24, '4', '17:30:00', '18:30:00', 'i'),
(406, 24, '4', '16:30:00', '17:30:00', 'i'),
(407, 24, '4', '17:30:00', '18:30:00', 'i'),
(408, 12, '6', '10:00:00', '19:00:00', 'i'),
(409, 12, '6', '10:00:00', '19:00:00', 'i'),
(410, 12, '6', '10:00:00', '19:00:00', 'i'),
(411, 12, '6', '10:00:00', '19:30:00', 'i'),
(412, 12, '6', '10:00:00', '19:30:00', 'a'),
(413, 11, '0', '10:00:00', '19:30:00', 'i'),
(414, 11, '6', '10:00:00', '19:30:00', 'i'),
(415, 11, '3', '11:00:00', '20:00:00', 'i'),
(416, 11, '4', '11:00:00', '20:00:00', 'i'),
(417, 11, '5', '11:00:00', '20:00:00', 'i'),
(418, 18, '1', '11:00:00', '20:00:00', 'i'),
(419, 19, '2', '11:00:00', '20:00:00', 'i'),
(420, 24, '4', '16:30:00', '17:30:00', 'i'),
(421, 24, '4', '17:30:00', '18:30:00', 'i'),
(422, 24, '4', '16:30:00', '17:30:00', 'i'),
(423, 24, '4', '17:30:00', '18:30:00', 'i'),
(424, 1, '1', '11:00:00', '20:00:00', 'i'),
(425, 1, '2', '11:00:00', '20:00:00', 'i'),
(426, 1, '3', '11:00:00', '20:00:00', 'i'),
(427, 1, '4', '11:00:00', '20:00:00', 'i'),
(428, 1, '5', '11:00:00', '20:00:00', 'i'),
(429, 1, '6', '10:00:00', '20:00:00', 'i'),
(430, 1, '0', '10:00:00', '20:00:00', 'i'),
(431, 1, '0', '10:00:00', '20:00:00', 'i'),
(432, 1, '1', '11:00:00', '20:00:00', 'i'),
(433, 1, '2', '11:00:00', '20:00:00', 'i'),
(434, 1, '3', '11:00:00', '20:00:00', 'i'),
(435, 1, '4', '11:00:00', '20:00:00', 'i'),
(436, 1, '5', '11:00:00', '20:00:00', 'i'),
(437, 1, '6', '10:00:00', '20:00:00', 'i'),
(438, 1, '0', '10:00:00', '20:00:00', 'i'),
(439, 1, '1', '11:00:00', '20:00:00', 'i'),
(440, 1, '2', '11:00:00', '20:00:00', 'i'),
(441, 1, '3', '11:00:00', '20:00:00', 'i'),
(442, 1, '4', '11:00:00', '20:00:00', 'i'),
(443, 1, '5', '11:00:00', '20:00:00', 'i'),
(444, 1, '6', '10:00:00', '20:00:00', 'i'),
(445, 23, '3', '19:00:00', '20:00:00', 'i'),
(446, 11, '0', '10:00:00', '19:30:00', 'i'),
(447, 11, '6', '10:00:00', '19:30:00', 'i'),
(448, 11, '3', '14:00:00', '19:30:00', 'i'),
(449, 11, '4', '14:00:00', '19:30:00', 'i'),
(450, 11, '5', '14:00:00', '19:30:00', 'i'),
(451, 18, '1', '14:00:00', '19:30:00', 'i'),
(452, 19, '2', '14:00:00', '19:30:00', 'i'),
(453, 20, '4', '14:00:00', '19:30:00', 'i'),
(454, 23, '3', '19:00:00', '20:00:00', 'i'),
(455, 24, '4', '16:30:00', '17:30:00', 'i'),
(456, 24, '4', '17:30:00', '18:30:00', 'i'),
(457, 11, '0', '10:00:00', '19:30:00', 'i'),
(458, 11, '3', '14:00:00', '19:30:00', 'i'),
(459, 11, '4', '14:00:00', '19:30:00', 'i'),
(460, 11, '5', '14:00:00', '19:30:00', 'i'),
(461, 11, '6', '10:00:00', '19:30:00', 'i'),
(462, 11, '1', '14:00:00', '19:30:00', 'i'),
(463, 11, '2', '14:00:00', '19:30:00', 'i'),
(464, 18, '1', '14:00:00', '19:30:00', 'i'),
(465, 19, '2', '14:00:00', '19:30:00', 'i'),
(466, 11, '0', '10:00:00', '19:30:00', 'i'),
(467, 11, '6', '10:00:00', '19:30:00', 'i'),
(468, 11, '1', '11:00:00', '19:30:00', 'i'),
(469, 11, '2', '11:00:00', '19:30:00', 'i'),
(470, 11, '3', '11:00:00', '19:30:00', 'i'),
(471, 11, '4', '11:00:00', '19:30:00', 'i'),
(472, 11, '5', '11:00:00', '19:30:00', 'i'),
(473, 19, '2', '11:00:00', '19:30:00', 'i'),
(474, 18, '1', '11:00:00', '19:30:00', 'i'),
(475, 20, '4', '11:00:00', '19:30:00', 'i'),
(476, 24, '4', '16:30:00', '17:30:00', 'i'),
(477, 24, '4', '17:30:00', '18:30:00', 'i'),
(478, 1, '0', '10:00:00', '20:00:00', 'i'),
(479, 1, '1', '11:00:00', '20:00:00', 'i'),
(480, 1, '2', '11:00:00', '20:00:00', 'i'),
(481, 1, '3', '11:00:00', '20:00:00', 'i'),
(482, 1, '4', '11:00:00', '20:00:00', 'i'),
(483, 1, '5', '11:00:00', '20:00:00', 'i'),
(484, 1, '6', '10:00:00', '20:00:00', 'i'),
(487, 21, '5', '04:00:00', '19:00:00', 'i'),
(488, 21, '5', '04:00:00', '19:00:00', 'i'),
(489, 22, '6', '10:00:00', '19:00:00', 'i'),
(490, 22, '0', '10:00:00', '19:00:00', 'i'),
(491, 22, '0', '10:00:00', '19:00:00', 'i'),
(492, 22, '6', '10:00:00', '19:00:00', 'i'),
(493, 11, '0', '10:00:00', '19:30:00', 'i'),
(494, 11, '6', '10:00:00', '19:30:00', 'i'),
(495, 11, '1', '14:00:00', '19:30:00', 'i'),
(496, 11, '2', '14:00:00', '19:30:00', 'i'),
(497, 11, '3', '14:00:00', '19:30:00', 'i'),
(498, 11, '4', '14:00:00', '19:30:00', 'i'),
(499, 11, '5', '14:00:00', '19:30:00', 'i'),
(500, 18, '1', '14:00:00', '19:30:00', 'i'),
(501, 19, '2', '14:00:00', '19:30:00', 'i'),
(502, 20, '4', '14:00:00', '19:30:00', 'i'),
(503, 20, '4', '14:00:00', '19:30:00', 'i'),
(504, 21, '5', '04:00:00', '19:00:00', 'i'),
(505, 23, '3', '19:00:00', '20:00:00', 'i'),
(506, 24, '4', '16:30:00', '17:30:00', 'i'),
(507, 24, '4', '17:30:00', '18:30:00', 'i'),
(508, 23, '3', '19:00:00', '20:00:00', 'i'),
(509, 23, '3', '19:00:00', '20:00:00', 'a'),
(510, 21, '5', '04:00:00', '19:00:00', 'i'),
(511, 21, '5', '04:00:00', '19:00:00', 'i'),
(512, 18, '1', '14:00:00', '19:30:00', 'i'),
(513, 21, '5', '04:00:00', '19:00:00', 'i'),
(514, 19, '2', '14:00:00', '19:30:00', 'i'),
(515, 18, '1', '14:00:00', '19:30:00', 'i'),
(516, 19, '2', '14:00:00', '19:30:00', 'i'),
(517, 20, '4', '14:00:00', '19:30:00', 'i'),
(518, 20, '4', '14:00:00', '19:30:00', 'i'),
(519, 21, '5', '04:00:00', '19:00:00', 'i'),
(520, 11, '0', '10:00:00', '19:30:00', 'i'),
(521, 11, '1', '14:00:00', '19:30:00', 'i'),
(522, 11, '2', '14:00:00', '19:30:00', 'i'),
(523, 11, '3', '14:00:00', '19:30:00', 'i'),
(524, 11, '4', '14:00:00', '19:30:00', 'i'),
(525, 11, '5', '14:00:00', '19:30:00', 'i'),
(526, 11, '6', '10:00:00', '19:30:00', 'i'),
(527, 11, '0', '10:00:00', '19:30:00', 'i'),
(528, 11, '1', '14:00:00', '19:30:00', 'i'),
(529, 11, '2', '14:00:00', '19:30:00', 'i'),
(530, 11, '3', '14:00:00', '19:30:00', 'i'),
(531, 11, '4', '14:00:00', '19:30:00', 'i'),
(532, 11, '5', '14:00:00', '19:30:00', 'i'),
(533, 11, '6', '10:00:00', '19:30:00', 'i'),
(534, 21, '5', '04:00:00', '19:00:00', 'i'),
(535, 21, '5', '04:00:00', '19:00:00', 'i'),
(536, 11, '0', '10:00:00', '19:30:00', 'i'),
(537, 11, '6', '10:00:00', '19:30:00', 'i'),
(538, 11, '1', '11:00:00', '19:00:00', 'i'),
(539, 11, '2', '11:00:00', '19:00:00', 'i'),
(540, 11, '3', '11:00:00', '19:00:00', 'i'),
(541, 11, '4', '11:00:00', '19:00:00', 'i'),
(542, 11, '5', '11:00:00', '19:00:00', 'i'),
(543, 18, '1', '11:00:00', '19:00:00', 'i'),
(544, 19, '2', '11:00:00', '19:00:00', 'i'),
(545, 20, '4', '11:00:00', '18:00:00', 'i'),
(546, 21, '5', '11:00:00', '16:00:00', 'i'),
(547, 22, '0', '10:00:00', '19:00:00', 'i'),
(548, 22, '6', '10:00:00', '19:00:00', 'i'),
(549, 24, '4', '16:30:00', '17:30:00', 'i'),
(550, 24, '4', '17:30:00', '18:30:00', 'i'),
(551, 21, '5', '11:00:00', '16:00:00', 'i'),
(552, 1, '0', '10:00:00', '20:00:00', 'a'),
(553, 1, '1', '11:00:00', '20:00:00', 'a'),
(554, 1, '2', '11:00:00', '20:00:00', 'a'),
(555, 1, '3', '11:00:00', '20:00:00', 'a'),
(556, 1, '4', '11:00:00', '20:00:00', 'a'),
(557, 1, '5', '11:00:00', '20:00:00', 'a'),
(558, 1, '6', '10:00:00', '20:00:00', 'a'),
(559, 11, '0', '10:00:00', '19:30:00', 'a'),
(560, 11, '6', '10:00:00', '19:30:00', 'a'),
(561, 11, '1', '14:00:00', '19:00:00', 'a'),
(562, 11, '2', '14:00:00', '19:00:00', 'a'),
(563, 11, '3', '14:00:00', '19:00:00', 'a'),
(564, 11, '4', '14:00:00', '19:00:00', 'a'),
(565, 11, '5', '14:00:00', '19:00:00', 'a'),
(566, 18, '1', '14:00:00', '19:00:00', 'a'),
(567, 19, '2', '14:00:00', '19:00:00', 'a'),
(568, 20, '4', '14:00:00', '19:00:00', 'a'),
(569, 21, '5', '16:00:00', '20:00:00', 'i'),
(570, 21, '5', '16:00:00', '20:00:00', 'a'),
(571, 22, '0', '10:00:00', '19:00:00', 'a'),
(572, 22, '6', '10:00:00', '19:00:00', 'a'),
(573, 24, '4', '16:30:00', '17:30:00', 'a'),
(574, 24, '4', '17:30:00', '18:30:00', 'a');

-- --------------------------------------------------------

--
-- โครงสร้างตาราง `st_class_ticket`
--

CREATE TABLE IF NOT EXISTS `st_class_ticket` (
  `id` int(10) unsigned NOT NULL AUTO_INCREMENT,
  `class_id` int(10) unsigned NOT NULL,
  `name` varchar(255) COLLATE utf8_unicode_ci NOT NULL,
  `minute` int(11) NOT NULL,
  `price` decimal(8,2) NOT NULL,
  `status` varchar(1) COLLATE utf8_unicode_ci NOT NULL DEFAULT 'a',
  PRIMARY KEY (`id`),
  KEY `st_class_ticket_class_id_foreign` (`class_id`)
) ENGINE=InnoDB  DEFAULT CHARSET=utf8 COLLATE=utf8_unicode_ci AUTO_INCREMENT=428 ;

--
-- dump ตาราง `st_class_ticket`
--

INSERT INTO `st_class_ticket` (`id`, `class_id`, `name`, `minute`, `price`, `status`) VALUES
(1, 1, '30 Minutes of Jump', 30, '300.00', 'i'),
(2, 1, '60 Minutes of Jump', 60, '400.00', 'i'),
(3, 1, '90 Minutes of Jump', 90, '600.00', 'i'),
(4, 1, '120 Minutes of Jump', 120, '800.00', 'i'),
(40, 1, '30 Minutes of Jump', 30, '300.00', 'i'),
(41, 1, '60 Minutes of Jump', 60, '400.00', 'i'),
(42, 1, '90 Minutes of Jump', 90, '600.00', 'i'),
(43, 1, '120 Minutes of Jump', 120, '800.00', 'i'),
(67, 1, '60 Minutes of Jump', 60, '400.00', 'i'),
(68, 1, '90 Minutes of Jump', 90, '600.00', 'i'),
(69, 1, '120 Minutes of Jump', 120, '800.00', 'i'),
(70, 9, '30 Mins', 30, '300.00', 'i'),
(71, 9, '60 Mins', 60, '450.00', 'i'),
(72, 9, '90 Mins', 90, '700.00', 'i'),
(73, 9, '120 Mins', 120, '850.00', 'i'),
(75, 10, 'Unlimited Jump Monday', 60, '350.00', 'i'),
(76, 10, 'Unlimited Jump Tuesday', 60, '350.00', 'i'),
(77, 10, 'Unlimited Fun Friday (7-10pm)', 180, '350.00', 'i'),
(78, 10, 'Open Jump Time', 60, '350.00', 'i'),
(79, 10, 'Unlimited Jump Monday', 60, '350.00', 'i'),
(80, 10, 'Unlimited Jump Tuesday', 60, '350.00', 'i'),
(81, 10, 'Open Jump Time', 60, '350.00', 'i'),
(82, 10, 'Unlimited Fun Friday (7-10pm)', 180, '350.00', 'i'),
(83, 1, '60 Minutes of Jump', 60, '400.00', 'i'),
(84, 1, '90 Minutes of Jump', 90, '600.00', 'i'),
(85, 1, '120 Minutes of Jump', 120, '800.00', 'i'),
(89, 9, '30 Mins', 30, '300.00', 'i'),
(90, 9, '60 Mins', 60, '450.00', 'i'),
(91, 9, '90 Mins', 90, '700.00', 'i'),
(92, 9, '120 Mins', 120, '850.00', 'i'),
(93, 10, 'Unlimited Jump Monday', 60, '350.00', 'i'),
(94, 10, 'Unlimited Jump Tuesday', 60, '350.00', 'i'),
(95, 10, 'Open Jump Time', 60, '350.00', 'i'),
(96, 10, 'Unlimited Fun Friday (7-10pm)', 180, '350.00', 'i'),
(97, 10, 'Unlimited Jump Monday', 60, '350.00', 'i'),
(98, 10, 'Unlimited Jump Tuesday', 60, '350.00', 'i'),
(99, 10, 'Unlimited Fun Friday (7-10pm)', 180, '350.00', 'i'),
(101, 10, 'Unlimited Jump Monday', 60, '350.00', 'i'),
(102, 10, 'Unlimited Jump Tuesday', 60, '350.00', 'i'),
(103, 10, 'Unlimited Fun Friday (7-10pm)', 180, '350.00', 'i'),
(104, 1, '60 Minutes of Jump', 60, '400.00', 'i'),
(105, 1, '90 Minutes of Jump', 90, '600.00', 'i'),
(106, 1, '120 Minutes of Jump', 120, '800.00', 'i'),
(107, 9, '30 Mins', 30, '300.00', 'i'),
(108, 9, '60 Mins', 60, '450.00', 'i'),
(109, 9, '90 Mins', 90, '700.00', 'i'),
(110, 9, '120 Mins', 120, '850.00', 'i'),
(111, 9, '30 Mins', 30, '300.00', 'i'),
(112, 9, '60 Mins', 60, '450.00', 'i'),
(113, 9, '90 Mins', 90, '700.00', 'i'),
(114, 9, '120 Mins', 120, '850.00', 'i'),
(115, 1, '60 Minutes of Jump', 60, '400.00', 'i'),
(116, 1, '90 Minutes of Jump', 90, '600.00', 'i'),
(117, 1, '120 Minutes of Jump', 120, '800.00', 'i'),
(118, 1, '60 Minutes of Jump', 60, '400.00', 'i'),
(119, 1, '90 Minutes of Jump', 90, '600.00', 'i'),
(120, 1, '120 Minutes of Jump', 120, '800.00', 'i'),
(121, 1, '60 Minutes of Jump', 60, '400.00', 'i'),
(122, 1, '90 Minutes of Jump', 90, '600.00', 'i'),
(123, 1, '120 Minutes of Jump', 120, '800.00', 'i'),
(124, 9, '30 Mins', 30, '300.00', 'i'),
(125, 9, '60 Mins', 60, '450.00', 'i'),
(126, 9, '90 Mins', 90, '700.00', 'i'),
(127, 9, '120 Mins', 120, '850.00', 'i'),
(128, 9, '30 Minutes of Jump', 30, '300.00', 'i'),
(129, 9, '60 Minutes of Jump', 60, '450.00', 'i'),
(130, 9, '90 Minutes of Jump', 90, '700.00', 'i'),
(131, 9, '120 Minutes of Jump', 120, '850.00', 'i'),
(132, 1, '60 Minutes of Jump', 60, '400.00', 'i'),
(133, 1, '90 Minutes of Jump', 90, '600.00', 'i'),
(134, 1, '120 Minutes of Jump', 120, '800.00', 'i'),
(145, 9, '30 Minutes of Jump', 30, '300.00', 'a'),
(146, 9, '60 Minutes of Jump', 60, '450.00', 'a'),
(147, 9, '90 Minutes of Jump', 90, '700.00', 'a'),
(148, 9, '120 Minutes of Jump', 120, '850.00', 'a'),
(149, 10, 'Unlimited Jump Monday', 60, '350.00', 'i'),
(150, 10, 'Unlimited Jump Tuesday', 60, '350.00', 'i'),
(151, 10, 'Unlimited Fun Friday (7-10pm)', 180, '350.00', 'i'),
(152, 10, 'Unlimited Jump Monday', 60, '350.00', 'i'),
(153, 10, 'Unlimited Jump Tuesday', 60, '350.00', 'i'),
(154, 10, 'Unlimited Fun Friday (7-10pm)', 180, '350.00', 'i'),
(155, 10, 'Unlimited Jump (Mondays)', 60, '350.00', 'i'),
(156, 10, 'Unlimited Jump (Tuesdays)', 60, '350.00', 'i'),
(157, 10, 'Unlimited Fun (Fridays 7-10pm)', 180, '350.00', 'i'),
(158, 10, '60 Minutes of Jump', 60, '350.00', 'i'),
(159, 10, 'Unlimited Jump (Mondays)', 60, '350.00', 'i'),
(160, 10, 'Unlimited Jump (Tuesdays)', 60, '350.00', 'i'),
(161, 10, '60 Minutes of Jump', 60, '350.00', 'i'),
(162, 10, 'Unlimited Fun (Fridays 7-10pm)', 180, '350.00', 'i'),
(163, 11, '60 Minutes of Jump', 60, '400.00', 'i'),
(164, 11, '90 Minutes of Jump', 90, '600.00', 'i'),
(165, 11, '120 Minutes of Jump', 120, '800.00', 'i'),
(166, 12, '30 Minutes of Jump', 30, '300.00', 'i'),
(167, 12, '60 Minutes of Jump', 60, '450.00', 'i'),
(168, 12, '90 Minutes of Jump', 90, '700.00', 'i'),
(169, 12, '120 Minutes of Jump', 120, '850.00', 'i'),
(170, 18, 'Unlimited Jump (Mondays)', 60, '400.00', 'i'),
(171, 18, 'Unlimited Jump (Mondays)', 60, '400.00', 'i'),
(172, 18, 'Unlimited Jump (Mondays)', 60, '400.00', 'i'),
(173, 18, 'Unlimited Jump (Mondays)', 60, '400.00', 'i'),
(174, 18, 'Unlimited Jump (Mondays)', 60, '400.00', 'i'),
(175, 19, 'Unlimited Jump (Tuesdays)', 60, '400.00', 'i'),
(176, 19, 'Unlimited Jump (Tuesdays)', 60, '400.00', 'i'),
(177, 20, 'Come 2 Pay for 1', 60, '400.00', 'i'),
(178, 20, 'Student Day', 120, '390.00', 'i'),
(179, 10, 'Unlimited Jump (Mondays)', 60, '350.00', 'i'),
(180, 10, 'Unlimited Jump (Tuesdays)', 60, '350.00', 'i'),
(181, 10, '60 Minutes of Jump', 60, '350.00', 'i'),
(182, 10, 'Unlimited Fun (Fridays 7-10pm)', 180, '350.00', 'i'),
(183, 21, 'Unlimited Fun (Fridays @ 7-10pm)', 60, '400.00', 'i'),
(184, 22, 'ROCKIN'' TOTS (Parent & Child under 6 years)', 120, '600.00', 'i'),
(185, 22, 'ROCKIN'' TOTS (Additional Child)', 120, '400.00', 'i'),
(186, 23, 'Regular Class', 60, '600.00', 'i'),
(187, 23, 'Package (Non-Transferable)', 60, '5000.00', 'i'),
(188, 24, 'Group Class', 60, '600.00', 'i'),
(189, 24, 'Private Class', 60, '1200.00', 'i'),
(190, 23, 'Regular Class', 60, '600.00', 'i'),
(191, 23, 'Package (Non-Transferable)', 60, '5000.00', 'i'),
(192, 11, '60 Minutes of Jump', 60, '400.00', 'i'),
(193, 11, '90 Minutes of Jump', 90, '600.00', 'i'),
(194, 11, '120 Minutes of Jump', 120, '800.00', 'i'),
(195, 11, '60 Minutes of Jump', 60, '400.00', 'i'),
(196, 11, '90 Minutes of Jump', 90, '600.00', 'i'),
(197, 11, '120 Minutes of Jump', 120, '800.00', 'i'),
(198, 11, '60 Minutes of Jump', 60, '400.00', 'i'),
(199, 11, '90 Minutes of Jump', 90, '600.00', 'i'),
(200, 11, '120 Minutes of Jump', 120, '800.00', 'i'),
(201, 11, '60 Minutes of Jump', 60, '400.00', 'i'),
(202, 11, '90 Minutes of Jump', 90, '600.00', 'i'),
(203, 11, '120 Minutes of Jump', 120, '800.00', 'i'),
(204, 21, 'Unlimited Fun (Friday @ 7-10pm)', 180, '400.00', 'i'),
(205, 18, 'Unlimited Jump (Mondays)', 60, '400.00', 'i'),
(206, 19, 'Unlimited Jump (Tuesdays)', 60, '400.00', 'i'),
(207, 10, 'Unlimited Jump (Mondays)', 60, '350.00', 'i'),
(208, 10, 'Unlimited Jump (Tuesdays)', 60, '350.00', 'i'),
(209, 10, '60 Minutes of Jump', 60, '350.00', 'i'),
(210, 10, 'Unlimited Fun (Fridays 7-10pm)', 180, '350.00', 'i'),
(211, 18, 'Unlimited Jump (Mondays)', 60, '400.00', 'i'),
(212, 10, 'Unlimited Jump (Mondays)', 60, '350.00', 'i'),
(213, 10, 'Unlimited Jump (Tuesdays)', 60, '350.00', 'i'),
(214, 10, '60 Minutes of Jump', 60, '350.00', 'i'),
(215, 10, 'Unlimited Fun (Fridays 7-10pm)', 180, '350.00', 'i'),
(216, 21, 'Unlimited Fun (Friday @ 7-10pm)', 180, '400.00', 'i'),
(217, 22, 'ROCKIN'' TOTS (Additional Child)', 120, '400.00', 'i'),
(218, 22, 'ROCKIN'' TOTS (Parent & Child under 6 years)', 120, '600.00', 'i'),
(219, 21, 'Unlimited Fun (Friday @ 7-10pm)', 180, '400.00', 'i'),
(220, 22, 'ROCKIN'' TOTS (Additional Child)', 120, '400.00', 'i'),
(221, 22, 'ROCKIN'' TOTS (Parent & Child under 6 years)', 120, '600.00', 'i'),
(222, 10, 'Unlimited Jump (Mondays)', 60, '350.00', 'i'),
(223, 10, 'Unlimited Jump (Tuesdays)', 60, '350.00', 'i'),
(224, 10, '60 Minutes of Jump', 60, '350.00', 'i'),
(225, 22, 'ROCKIN'' TOTS (Additional Child)', 120, '400.00', 'i'),
(226, 22, 'ROCKIN'' TOTS (Parent & Child under 6 years)', 120, '600.00', 'i'),
(227, 10, '60 Minutes of Jump', 60, '350.00', 'i'),
(228, 10, 'Unlimited Jump (Mondays)', 0, '350.00', 'i'),
(229, 10, 'Un;imited Jump (Tuesdays)', 0, '350.00', 'i'),
(230, 21, 'Unlimited Fun (Friday @ 7-10pm)', 180, '400.00', 'i'),
(231, 20, 'Come 2 Pay for 1', 60, '400.00', 'i'),
(232, 20, 'Student Day', 120, '390.00', 'i'),
(233, 19, 'Unlimited Jump (Tuesdays)', 60, '400.00', 'i'),
(234, 20, 'Come 2 Pay for 1', 60, '400.00', 'i'),
(235, 20, 'Student Day', 120, '390.00', 'i'),
(236, 10, 'Unlimited Jump (Mondays)', 0, '350.00', 'i'),
(237, 10, '60 Minutes of Jump', 60, '350.00', 'i'),
(238, 10, 'Unlimited Jump (Tuesdays)', 0, '350.00', 'i'),
(239, 24, 'Group Class', 60, '600.00', 'i'),
(240, 24, 'Private Class', 60, '1200.00', 'i'),
(241, 10, 'Unlimited Jump (Mondays)', 0, '350.00', 'i'),
(242, 10, 'Unlimited Jump (Tuesdays)', 0, '350.00', 'i'),
(243, 10, '60 Minutes of Jump', 60, '350.00', 'i'),
(244, 10, 'Unlimited Jump (Mondays)', 0, '350.00', 'i'),
(245, 10, 'Unlimited Jump (Tuesdays)', 0, '350.00', 'i'),
(246, 10, '60 Minutes of Jump', 60, '350.00', 'i'),
(247, 10, 'Unlimited Jump (Mondays)', 0, '350.00', 'i'),
(248, 10, 'Unlimited Jump (Tuesdays)', 0, '350.00', 'i'),
(249, 10, '60 Minutes of Jump', 60, '350.00', 'i'),
(250, 11, '60 Minutes of Jump', 60, '400.00', 'i'),
(251, 11, '90 Minutes of Jump', 90, '600.00', 'i'),
(252, 11, '120 Minutes of Jump', 120, '800.00', 'i'),
(253, 12, '30 Minutes of Jump', 30, '300.00', 'i'),
(254, 12, '60 Minutes of Jump', 60, '450.00', 'i'),
(255, 12, '90 Minutes of Jump', 90, '700.00', 'i'),
(256, 12, '120 Minutes of Jump', 120, '850.00', 'i'),
(257, 10, 'Unlimited Jump (Mondays)', 0, '350.00', 'i'),
(258, 10, 'Unlimited Jump (Tuesdays)', 0, '350.00', 'i'),
(259, 10, '60 Minutes of Jump', 60, '350.00', 'i'),
(260, 10, '120 Minutes of Jump', 120, '700.00', 'i'),
(261, 20, 'Come 2 Pay for 1', 60, '400.00', 'i'),
(262, 20, 'Student Day', 120, '390.00', 'i'),
(263, 20, 'Come 2 Pay for 1', 60, '400.00', 'i'),
(264, 20, 'Student Day', 120, '390.00', 'i'),
(265, 11, '60 Minutes of Jump', 60, '350.00', 'i'),
(266, 11, '120 Minutes of Jump', 120, '700.00', 'i'),
(267, 18, 'Unlimited Jump (Monday)', 0, '350.00', 'i'),
(268, 19, 'Unlimited Jump (Tuesday)', 0, '350.00', 'i'),
(269, 20, 'Come 2 Pay for 1', 60, '400.00', 'i'),
(270, 20, 'Student Day', 120, '390.00', 'i'),
(271, 23, 'Regular Class', 60, '600.00', 'i'),
(272, 23, 'Package (Non-Transferable)', 60, '5000.00', 'i'),
(273, 24, 'Group Class', 60, '600.00', 'i'),
(274, 24, 'Private Class', 60, '1200.00', 'i'),
(275, 10, 'Unlimited Jump (Mondays)', 0, '350.00', 'i'),
(276, 10, 'Unlimited Jump (Tuesdays)', 0, '350.00', 'i'),
(277, 10, '60 Minutes of Jump', 60, '350.00', 'i'),
(278, 10, '120 Minutes of Jump', 120, '700.00', 'i'),
(279, 11, '60 Minutes of Jump', 60, '350.00', 'i'),
(280, 11, '120 Minutes of Jump', 120, '700.00', 'i'),
(281, 11, '60 Minutes of Jump', 60, '350.00', 'i'),
(282, 11, '120 Minutes of Jump', 120, '700.00', 'i'),
(283, 11, '60 Minutes of Jump', 60, '350.00', 'i'),
(284, 11, '120 Minutes of Jump', 120, '700.00', 'i'),
(285, 11, '60 Minutes of Jump', 60, '350.00', 'i'),
(286, 11, '120 Minutes of Jump', 120, '700.00', 'i'),
(287, 10, 'Unlimited Jump (Mondays)', 0, '350.00', 'i'),
(288, 10, 'Unlimited Jump (Tuesdays)', 0, '350.00', 'i'),
(289, 10, '60 Minutes of Jump', 60, '350.00', 'i'),
(290, 10, '120 Minutes of Jump', 120, '700.00', 'i'),
(291, 18, 'Unlimited Jump (Monday)', 0, '350.00', 'i'),
(292, 19, 'Unlimited Jump (Tuesday)', 0, '350.00', 'i'),
(293, 20, 'Come 2 Pay for 1', 60, '400.00', 'i'),
(294, 20, 'Student Day', 120, '390.00', 'i'),
(295, 11, '60 Minutes of Jump', 60, '350.00', 'i'),
(296, 11, '120 Minutes of Jump', 120, '700.00', 'i'),
(297, 10, 'Unlimited Jump (Mondays)', 0, '350.00', 'a'),
(298, 10, 'Unlimited Jump (Tuesdays)', 0, '350.00', 'a'),
(299, 10, '60 Minutes of Jump', 60, '350.00', 'a'),
(300, 10, '120 Minutes of Jump', 120, '700.00', 'a'),
(301, 11, '60 Minutes of Jump', 60, '350.00', 'i'),
(302, 11, '120 Minutes of Jump', 120, '700.00', 'i'),
(303, 18, 'Unlimited Jump (Monday)', 0, '350.00', 'i'),
(304, 19, 'Unlimited Jump (Tuesday)', 0, '350.00', 'i'),
(305, 23, 'Regular Class', 60, '600.00', 'i'),
(306, 23, 'Package (Non-Transferable)', 60, '5000.00', 'i'),
(307, 11, '60 Minutes of Jump', 60, '350.00', 'i'),
(308, 11, '120 Minutes of Jump', 120, '700.00', 'i'),
(309, 18, 'Unlimited Jump (Monday)', 0, '350.00', 'i'),
(310, 19, 'Unlimited Jump (Tuesday)', 0, '350.00', 'i'),
(311, 20, 'Come 2 Pay for 1', 60, '400.00', 'i'),
(312, 20, 'Student Day', 120, '390.00', 'i'),
(313, 21, 'Unlimited Friday @ 5-8PM', 180, '350.00', 'i'),
(314, 21, 'Unlimited Friday @ 5-8PM', 180, '350.00', 'i'),
(315, 18, 'Unlimited Jump (Monday)', 0, '350.00', 'i'),
(316, 21, 'Unlimited Friday @ 5-8PM', 180, '350.00', 'i'),
(317, 11, '60 Minutes of Jump', 60, '350.00', 'i'),
(318, 11, '120 Minutes of Jump', 120, '700.00', 'i'),
(319, 18, 'Unlimited Jump (Monday)', 0, '350.00', 'i'),
(320, 18, 'Unlimited Jump (Monday)', 0, '350.00', 'i'),
(321, 19, 'Unlimited Jump (Tuesday)', 0, '350.00', 'i'),
(322, 20, 'Student Day', 120, '390.00', 'i'),
(323, 11, '60 Minutes of Jump', 60, '350.00', 'i'),
(324, 11, '120 Minutes of Jump', 120, '700.00', 'i'),
(325, 24, 'Group Class', 60, '600.00', 'i'),
(326, 24, 'Group Class', 60, '600.00', 'i'),
(327, 24, 'Package Group Class (11 Classes)', 0, '10000.00', 'i'),
(328, 12, 'Come 2 pay for 1', 60, '350.00', 'i'),
(329, 12, 'Come 2 pay for 1', 120, '700.00', 'i'),
(330, 12, 'Come 2 pay for 1', 60, '350.00', 'i'),
(331, 12, 'Come 2 pay for 1', 120, '700.00', 'i'),
(332, 12, 'Come 2 pay for 1', 60, '350.00', 'i'),
(333, 12, 'Come 2 pay for 1', 120, '700.00', 'i'),
(334, 12, 'Come 2 pay for 1', 60, '350.00', 'i'),
(335, 12, 'Come 2 pay for 1', 120, '700.00', 'i'),
(336, 12, 'Come 2 pay for 1', 60, '350.00', 'a'),
(337, 12, 'Come 2 pay for 1', 120, '700.00', 'a'),
(338, 11, '60 Minutes of Jump', 60, '350.00', 'i'),
(339, 11, '120 Minutes of Jump', 120, '700.00', 'i'),
(340, 18, 'Unlimited Jump (Monday)', 0, '350.00', 'i'),
(341, 19, 'Unlimited Jump (Tuesday)', 0, '350.00', 'i'),
(342, 24, 'Package Group Class (11 Classes)', 0, '10000.00', 'i'),
(343, 24, 'Group Class', 60, '600.00', 'i'),
(344, 24, 'Package Group Class (11 Classes)', 0, '10000.00', 'i'),
(345, 24, 'Group Class', 60, '600.00', 'i'),
(346, 1, 'Tripwire (2 Games)', 2, '45.00', 'i'),
(347, 1, 'Tripwire (2 Games)', 2, '45.00', 'i'),
(348, 1, 'Tripwire (2 Games)', 2, '45.00', 'i'),
(349, 23, 'Regular Class', 60, '600.00', 'i'),
(350, 23, 'Package (10 FREE 10 Classes)', 60, '5000.00', 'i'),
(351, 11, '60 Minutes of Jump', 60, '350.00', 'i'),
(352, 11, '120 Minutes of Jump', 120, '700.00', 'i'),
(353, 18, 'Unlimited Jump (Monday)', 0, '350.00', 'i'),
(354, 19, 'Unlimited Jump (Tuesday)', 0, '350.00', 'i'),
(355, 20, 'Student Day', 120, '390.00', 'i'),
(356, 23, 'Regular Class', 60, '600.00', 'i'),
(357, 23, 'Package (10 FREE 10 Classes)', 60, '5000.00', 'i'),
(358, 24, 'Package Group Class (11 Classes)', 0, '10000.00', 'i'),
(359, 24, 'Group Class', 60, '600.00', 'i'),
(360, 11, '60 Minutes of Jump', 60, '350.00', 'i'),
(361, 11, '120 Minutes of Jump', 120, '700.00', 'i'),
(362, 18, 'Unlimited Jump (Monday)', 0, '490.00', 'i'),
(363, 19, 'Unlimited Jump (Tuesday)', 0, '490.00', 'i'),
(364, 11, '60 Minutes of Jump', 60, '350.00', 'i'),
(365, 11, '120 Minutes of Jump', 120, '700.00', 'i'),
(366, 19, 'Unlimited Jump (Tuesday)', 0, '490.00', 'i'),
(367, 18, 'Unlimited Jump (Monday)', 0, '490.00', 'i'),
(368, 20, 'Student Day', 120, '390.00', 'i'),
(369, 24, 'Package Group Class (11 Classes)', 0, '10000.00', 'i'),
(370, 24, 'Group Class', 60, '600.00', 'i'),
(371, 1, 'Tripwire (2 Games)', 2, '45.00', 'i'),
(373, 21, 'Rockin'' Friday (4 hrs.@4-8pm)', 240, '700.00', 'i'),
(374, 21, 'Rockin'' Friday (4 hrs.@4-8pm)', 240, '700.00', 'i'),
(375, 22, 'Fun Pack (4 Jumpers + Food & Drink)', 60, '1290.00', 'i'),
(376, 22, 'Fun Pack (4 Jumpers + Food & Drink)', 60, '1290.00', 'i'),
(377, 11, '60 Minutes of Jump', 60, '350.00', 'i'),
(378, 11, '120 Minutes of Jump', 120, '700.00', 'i'),
(379, 18, 'Unlimited Jump (Monday)', 0, '490.00', 'i'),
(380, 19, 'Unlimited Jump (Tuesday)', 0, '490.00', 'i'),
(381, 20, 'Student Day', 120, '390.00', 'i'),
(382, 20, 'Student Day', 120, '390.00', 'i'),
(383, 21, 'Rockin'' Friday (4 hrs.@4-8pm)', 240, '700.00', 'i'),
(384, 23, 'Regular Class', 60, '600.00', 'i'),
(385, 23, 'Package (10 FREE 10 Classes)', 60, '5000.00', 'i'),
(386, 24, 'Package Group Class (11 Classes)', 0, '10000.00', 'i'),
(387, 24, 'Group Class', 60, '600.00', 'i'),
(388, 23, 'Regular Class', 60, '600.00', 'i'),
(389, 23, 'Regular Class', 60, '600.00', 'a'),
(390, 23, 'Package (11 Classes)', 60, '5000.00', 'a'),
(391, 21, 'Rockin'' Friday (4 hrs.@4-8pm)', 240, '700.00', 'i'),
(392, 21, 'Rockin'' Friday (4 hrs.@4-8pm)', 240, '700.00', 'i'),
(393, 18, 'Unlimited Jump (Monday)', 0, '490.00', 'i'),
(394, 21, 'Rockin'' Friday (4 hrs.@4-8pm)', 240, '700.00', 'i'),
(395, 19, 'Unlimited Jump (Tuesday)', 0, '490.00', 'i'),
(396, 18, 'Unlimited Jump (Monday)', 0, '490.00', 'i'),
(397, 19, 'Unlimited Jump (Tuesday)', 0, '490.00', 'i'),
(398, 20, 'Student Day', 120, '390.00', 'i'),
(399, 20, 'Student Day', 120, '390.00', 'i'),
(400, 21, 'Rockin'' Friday (4 hrs.@4-8pm)', 240, '700.00', 'i'),
(401, 11, '60 Minutes of Jump', 60, '350.00', 'i'),
(402, 11, '120 Minutes of Jump', 120, '700.00', 'i'),
(403, 11, '60 Minutes of Jump', 60, '350.00', 'i'),
(404, 11, '120 Minutes of Jump', 120, '700.00', 'i'),
(405, 21, 'Rockin'' Friday (4 hrs.@4-8pm)', 240, '700.00', 'i'),
(406, 21, 'Rockin'' Friday (4 hrs.@4-8pm)', 240, '700.00', 'i'),
(407, 11, '60 Minutes of Jump', 60, '350.00', 'i'),
(408, 11, '120 Minutes of Jump', 120, '700.00', 'i'),
(409, 18, 'Unlimited Jump (Monday)', 0, '490.00', 'i'),
(410, 19, 'Unlimited Jump (Tuesday)', 0, '490.00', 'i'),
(411, 20, 'Student Day', 120, '390.00', 'i'),
(412, 21, 'Rockin'' Friday (4 hrs.@4-8pm)', 240, '700.00', 'i'),
(413, 22, 'Fun Pack (4 Jumpers + Food & Drink)', 60, '1290.00', 'i'),
(414, 24, 'Package Group Class (11 Classes)', 0, '10000.00', 'i'),
(415, 24, 'Group Class', 60, '600.00', 'i'),
(416, 21, 'Rockin'' Friday (4 hrs.@4-8pm)', 240, '700.00', 'i'),
(417, 1, 'Tripwire (2 Games)', 2, '45.00', 'a'),
(418, 11, '60 Minutes of Jump', 60, '350.00', 'a'),
(419, 11, '120 Minutes of Jump', 120, '700.00', 'a'),
(420, 18, 'Unlimited Jump (Monday)', 0, '490.00', 'a'),
(421, 19, 'Unlimited Jump (Tuesday)', 0, '490.00', 'a'),
(422, 20, 'Student Day', 120, '390.00', 'a'),
(423, 21, 'Rockin'' Friday (4 hrs.@4-8pm)', 240, '700.00', 'i'),
(424, 21, 'Rockin'' Friday (4 hrs.@4-8pm)', 240, '700.00', 'a'),
(425, 22, 'Fun Pack (4 Jumpers + Food & Drink)', 60, '1290.00', 'a'),
(426, 24, 'Package Group Class (11 Classes)', 0, '10000.00', 'a'),
(427, 24, 'Group Class', 60, '600.00', 'a');

-- --------------------------------------------------------

--
-- โครงสร้างตาราง `st_invoice`
--

CREATE TABLE IF NOT EXISTS `st_invoice` (
  `id` int(10) unsigned NOT NULL AUTO_INCREMENT,
  `customer_name` varchar(255) COLLATE utf8_unicode_ci NOT NULL,
  `customer_tel` varchar(255) COLLATE utf8_unicode_ci DEFAULT NULL,
  `customer_email` varchar(255) COLLATE utf8_unicode_ci DEFAULT NULL,
  `approve_code` varchar(8) COLLATE utf8_unicode_ci DEFAULT NULL,
  `amount` decimal(8,2) DEFAULT NULL,
  `fee` decimal(8,2) DEFAULT NULL,
  `method` varchar(2) COLLATE utf8_unicode_ci DEFAULT NULL,
  `status` varchar(1) COLLATE utf8_unicode_ci NOT NULL DEFAULT 'i',
  `created_at` timestamp NOT NULL DEFAULT CURRENT_TIMESTAMP,
  PRIMARY KEY (`id`)
) ENGINE=InnoDB  DEFAULT CHARSET=utf8 COLLATE=utf8_unicode_ci AUTO_INCREMENT=138 ;

--
-- dump ตาราง `st_invoice`
--

INSERT INTO `st_invoice` (`id`, `customer_name`, `customer_tel`, `customer_email`, `approve_code`, `amount`, `fee`, `method`, `status`, `created_at`) VALUES
(1, 'James Moloney', '0850648115', 'james.moloney@protonmail.com', '13525784', '800.00', '30.00', '02', 'a', '2016-07-24 23:45:33'),
(2, 'PAWANRAT', '0914050202', 'pantarat_seme@msn.com', '13546539', '400.00', '13.91', '05', 'a', '2016-07-27 06:01:41'),
(3, 'caroline zerrini', '091 984 0700', 'carolinezerrini@gmail.com', NULL, NULL, NULL, NULL, 'i', '2016-08-02 05:43:27'),
(4, 'caroline', '919840700', 'carolinezerrini@gmail.com', '13648455', '800.00', '30.00', '02', 'a', '2016-08-06 04:17:10'),
(5, 'Chadawan kiryu', '0926709392', 'tchadawa@hotmail.com', '13675924', '1200.00', '41.73', '05', 'a', '2016-08-09 04:17:09'),
(6, '', '', '', NULL, NULL, NULL, NULL, 'i', '2016-08-09 04:51:31'),
(7, 'Simon Colvey', '+66852470100', 'simon@colvey.net', NULL, NULL, NULL, NULL, 'i', '2016-08-18 10:45:29'),
(8, 'Pavidcha', 'Arayaphong', 'winwinja@hotmail.com', NULL, NULL, NULL, NULL, 'i', '2016-08-19 07:57:36'),
(9, 'Satinee Assavaniwej ', '0813432864', 'satineesand@gmail.com', NULL, NULL, NULL, NULL, 'i', '2016-08-22 01:27:09'),
(10, 'Satinee Assavaniwej ', '0813432864', 'satineesand@gmail.com', '13782092', '1600.00', '55.64', '05', 'a', '2016-08-22 02:39:15'),
(11, 'Kitty', '0816165430', 'kitiratv@gmail.com', '13816103', '800.00', '30.00', '02', 'a', '2016-08-26 01:42:49'),
(12, 'Masao Masuda', '08945456655', 'fwkn1769@mb.infoweb.ne.jp', '13476976', '1.00', '0.04', '02', 'a', '2016-09-08 07:45:34'),
(13, 'Jake Waters', '', '', '13477185', '1.00', '0.03', '06', 'a', '2016-09-09 12:47:03'),
(14, 'smith', '', '', NULL, NULL, NULL, NULL, 'i', '2016-09-09 12:49:47'),
(15, '555', '', '', NULL, NULL, NULL, NULL, 'i', '2016-09-16 04:47:47'),
(16, 'Parin Chiemwong', '0925213311', 'ilovespongbob@hotmail.com', NULL, NULL, NULL, NULL, 'i', '2016-10-03 12:00:57'),
(17, 'Parin Chiemwong', '0925213311', 'ilovespongbob@hormail.com', NULL, NULL, NULL, NULL, 'i', '2016-10-03 12:13:53'),
(18, 'Laksika  Li', '0904184466', 'ploylaksika1@gmail.com', NULL, NULL, NULL, NULL, 'i', '2016-10-09 06:40:04'),
(19, 'Patima', '0852269799', 'fungyfungy@gmail.com', NULL, NULL, NULL, NULL, 'i', '2016-10-10 07:46:52'),
(20, 'Kaarin O''Connell', '091-740-7601', 'kaarinoc@gmail.com', '14324650', '2100.00', '78.75', '02', 'a', '2016-10-21 14:51:40'),
(21, 'Wayne', '062097609', 'wayne@paysbuy.com', NULL, NULL, NULL, NULL, 'i', '2016-11-12 10:02:19'),
(22, 'Aom', '', '', NULL, NULL, NULL, NULL, 'i', '2016-11-15 10:51:04'),
(23, 'Aleksander Lewicki', '+66926977804', 'aleksander.lewicki@altimi.com', NULL, NULL, NULL, NULL, 'i', '2016-11-17 13:37:44'),
(24, 'Chutima', '0934599166', 'Chutima.aga@gmail.com', NULL, NULL, NULL, NULL, 'i', '2016-11-30 02:06:15'),
(25, '', '', '', NULL, NULL, NULL, NULL, 'i', '2016-12-12 13:58:19'),
(26, 'VO PHUOC', '0994388806', 'chrisvovan@yahoo.fr', NULL, NULL, NULL, NULL, 'i', '2016-12-18 03:01:52'),
(27, 'roberto melim', '7700836025', 'bobbysbite@yahoo.co.uk', '14984767', '700.00', '26.25', '02', 'a', '2016-12-18 07:25:10'),
(28, 'LEE MEI YOKE', '', 'JADE_LEE78@MSN.COM', NULL, NULL, NULL, NULL, 'i', '2016-12-22 02:57:41'),
(29, 'Oak Saino', '0973420270', 'shwejasmine.sat@gmail.com', '15074643', '350.00', '13.13', '02', 'i', '2016-12-26 02:16:25'),
(30, 'Satoko Saino', '0973420270', 'shwejasmine.sat@gmail.com', NULL, NULL, NULL, NULL, 'i', '2016-12-26 02:39:01'),
(31, 'Satoko Saino', '0973420270', 'shwejasmine.sat@gmail.com', NULL, NULL, NULL, NULL, 'i', '2016-12-26 02:49:23'),
(32, 'Satoko Saino', '0973420270', 'shwejasmine.sat@gmail.com', NULL, NULL, NULL, NULL, 'i', '2016-12-26 02:56:59'),
(33, 'Satoko Saino', '0973420270', 'shwejasmine.sat@gmail.com', NULL, NULL, NULL, NULL, 'i', '2016-12-26 03:28:23'),
(34, 'Satoko Saino', '0973420270', 'shwejasmine.sat@gmail.com', NULL, NULL, NULL, NULL, 'i', '2016-12-26 03:34:01'),
(35, 'Satoko Saino', '0973420270', 'shwejasmine.sat@gmail.com', NULL, NULL, NULL, NULL, 'i', '2016-12-26 03:41:09'),
(36, 'Oak Saino', '0973420270', 'shwejasmine.sat@gmail.com', NULL, NULL, NULL, NULL, 'i', '2016-12-26 03:46:09'),
(37, 'Satoko Saino', '0973420270', 'shwejasmine.sat@gmail.com', '15077855', '350.00', '13.13', '02', 'i', '2016-12-26 05:37:31'),
(38, 'Satoko Saino', '0973420270', 'shwejasmine.sat@gmail.com', NULL, NULL, NULL, NULL, 'i', '2016-12-26 05:56:24'),
(39, 'Oak Saino', '0973420270', 'shwejasmine.sat@gmail.com', '15079717', '350.00', '13.13', '02', 'a', '2016-12-26 07:37:11'),
(40, 'Jessica Nauckhoff', '+46707811604', 'jessica@nauckhoff.se', NULL, NULL, NULL, NULL, 'i', '2016-12-27 14:03:46'),
(41, 'Panida', 'Thaworn', 'panida_thaworn@hotmail.com', NULL, NULL, NULL, NULL, 'i', '2017-01-01 09:31:17'),
(42, '', '', '', NULL, NULL, NULL, NULL, 'i', '2017-01-01 13:47:08'),
(43, 'Juliet Craven', '0968264233', 'curtis_juliet@yahoo.com', '15218932', '700.00', '26.25', '02', 'a', '2017-01-06 00:47:33'),
(44, 'jet', '', '', NULL, NULL, NULL, NULL, 'i', '2017-01-06 15:56:47'),
(45, 'Laurence Poyer', '0971364476', 'kristiebarimen@gmail.com', NULL, NULL, NULL, NULL, 'i', '2017-01-13 01:46:49'),
(46, 'Laurence Poyer', '0971364476', 'kristiebarimen@gmail.com', '15313501', '1050.00', '36.51', '05', 'a', '2017-01-13 01:58:35'),
(47, 'Nic paul', '0034647973671', 'sophiepaul747@gmail.com', NULL, NULL, NULL, NULL, 'i', '2017-01-13 04:02:11'),
(48, 'Nic paul', '0034647973671', 'sophiepaul747@gmail.com', NULL, NULL, NULL, NULL, 'i', '2017-01-13 04:06:49'),
(49, 'Mod', '0818336843', 'naruepaim@gmail.com', NULL, NULL, NULL, NULL, 'i', '2017-01-14 03:25:47'),
(50, 'Shweta jain ', '0814065975', '', NULL, NULL, NULL, NULL, 'i', '2017-01-14 04:06:20'),
(51, 'Laplace Nathalie', '0915628395', 'nat.laplace@free.fr', NULL, NULL, NULL, NULL, 'i', '2017-01-23 07:18:04'),
(52, 'Leta Perepeluk', '0931102009', 'letaperepeluk@hotmail.com', NULL, NULL, NULL, NULL, 'i', '2017-02-17 09:11:28'),
(53, 'Leta Perepeluk', '0931102009', 'letaperepeluk@hotmail.com', NULL, NULL, NULL, NULL, 'i', '2017-02-17 09:19:14'),
(54, 'Pornchai Rungsirijaratthong ', '0834444469', 'songpr@gmail.com', NULL, NULL, NULL, NULL, 'i', '2017-02-22 13:33:16'),
(55, 'Pornchai R.', '0834444469', 'songpr@gmail.com', NULL, NULL, NULL, NULL, 'i', '2017-02-22 13:40:44'),
(56, 'Pornchai R.', '0834444469', 'songpr@gmail.com', NULL, NULL, NULL, NULL, 'i', '2017-02-22 13:44:32'),
(57, 'Sue', '0946799919', 'sueparksk@gmail.com', NULL, NULL, NULL, NULL, 'i', '2017-02-23 02:24:08'),
(58, 'Saneh Madan', '0926469195', 'sanehmadan@gmail.com', NULL, NULL, NULL, NULL, 'i', '2017-02-26 08:57:46'),
(59, 'พรชัย รุ่งสิริจรัสทอง', '0834444469', 'songpr@gmail.com', NULL, NULL, NULL, NULL, 'i', '2017-02-26 15:58:23'),
(60, 'Chanaichon Theeravanvilai', '0818127997', 'chanaichon@chanaichon.com', NULL, NULL, NULL, NULL, 'i', '2017-03-10 07:24:18'),
(61, 'Chanaichon Theeravanvilai', '0818127997', 'chanaichon@chanaichon.com', NULL, NULL, NULL, NULL, 'i', '2017-03-10 07:31:30'),
(62, 'Panida', '0868979876', 'panida@bangkok-rockinjump.com', NULL, NULL, NULL, NULL, 'i', '2017-03-15 02:48:02'),
(63, 'Panida', '0868979876', 'panida@bangkok-rockinjump.com', NULL, NULL, NULL, NULL, 'i', '2017-03-15 02:58:54'),
(64, 'test', '', '', NULL, NULL, NULL, NULL, 'i', '2017-03-15 05:45:39'),
(65, 'test', '', '', NULL, NULL, NULL, NULL, 'i', '2017-03-15 05:50:20'),
(66, 'Pariya Khampimlert', '', '', NULL, NULL, NULL, NULL, 'i', '2017-03-15 16:33:22'),
(67, 'Pariya Khampimlert', '', '', NULL, NULL, NULL, NULL, 'i', '2017-03-15 16:36:04'),
(68, 'Pariya Khampimlert', '', '', NULL, NULL, NULL, NULL, 'i', '2017-03-15 16:47:33'),
(69, 'Pariya Khampimlert', '', '', NULL, NULL, NULL, NULL, 'i', '2017-03-16 01:17:49'),
(70, 'Piyangoon Rahman ', '0847271025', 'tuanjitr@gmail.com', NULL, NULL, NULL, NULL, 'i', '2017-03-18 07:38:36'),
(71, 'Ayushmaan ', '0966122250', 'priya.jagetiya@gmail.com', NULL, NULL, NULL, NULL, 'i', '2017-03-24 12:10:53'),
(72, 'Possathorn', '0816289091', 'ike_poss@hotmail.com', NULL, NULL, NULL, NULL, 'i', '2017-03-29 13:00:51'),
(73, 'Linh Serene', '0874462991', 'linhserene@yahoo.com', '16584957', '1140.00', '39.64', '05', 'a', '2017-04-01 12:55:21'),
(74, 'Alexis Gauthier ', '07730144851', 'galexis505@aol.com', NULL, NULL, NULL, NULL, 'i', '2017-04-05 17:07:44'),
(75, 'Natcha Mahaboonpachai ', '0849964555', 'natchakpp@yahoo.com', NULL, NULL, NULL, NULL, 'i', '2017-04-06 03:35:03'),
(76, 'KITIPHONG SRISUTHAPAN', '0819299478', 'bobsri@gmail.com', '16711384', '1050.00', '39.38', '02', 'a', '2017-04-10 04:47:34'),
(77, 'Prapanee', '0956544544', 'babyoho@hotmail.com', NULL, NULL, NULL, NULL, 'i', '2017-04-10 23:36:22'),
(78, 'Nicola Fletcher', '0097450145821', 'nicindubai@hotmail.co.uk', NULL, NULL, NULL, NULL, 'i', '2017-04-14 07:11:53'),
(79, 'Nik Priesnitz', '0922810120', 'npriesnitz@anantara.com', NULL, NULL, NULL, NULL, 'i', '2017-04-29 07:43:31'),
(80, 'scarlett dickinson', '0971451222', 'sgdicko@gmail.com', '17067834', '1050.00', '39.38', '02', 'a', '2017-05-05 07:34:41'),
(81, 'scarlett dickinson', '0971451222', 'sgdicko@gmail.com', NULL, NULL, NULL, NULL, 'i', '2017-05-05 07:49:35'),
(82, 'scarlett dickinson', '0971451222', 'sgdicko@gmail.com', '17068028', '350.00', '13.13', '02', 'a', '2017-05-05 07:50:09'),
(83, 'shir holtzman ninio', '545380303', '', NULL, NULL, NULL, NULL, 'i', '2017-05-20 10:45:23'),
(84, 'shir holtzman ninio', '0925518124', 'shir.holtzman@gmail.com', '17225180', '1050.00', '39.38', '02', 'a', '2017-05-20 10:47:44'),
(85, 'Ndoye telio', '0949307170', 'tayocountry@hotmail.com', NULL, NULL, NULL, NULL, 'i', '2017-05-30 09:07:06'),
(86, 'Hyunjin Kim', '0843475345', 'jinnykim@glo-how.com', NULL, NULL, NULL, NULL, 'i', '2017-06-02 05:33:16'),
(87, 'Hyunjin Kim', '0843475345', 'jinnykim@glo-how.com', NULL, NULL, NULL, NULL, 'i', '2017-06-02 05:48:28'),
(88, 'Seyong Choi', '0892060593', 'jgchoi@ombcrew.com', NULL, NULL, NULL, NULL, 'i', '2017-06-02 10:54:59'),
(89, 'Hyunjin kim', '0843475345', 'becooljinny@gmail.com', NULL, NULL, NULL, NULL, 'i', '2017-06-02 13:31:51'),
(90, 'Hyunjin kim', '0813475345', '', '17352379', '700.00', '26.25', '02', 'a', '2017-06-02 13:32:43'),
(91, 'Kim bo young', '0924728451', 'coolby3@hanmail.net', NULL, NULL, NULL, NULL, 'i', '2017-06-03 03:47:19'),
(92, 'cc', '68678768768686', 'cc@cc.com', NULL, NULL, NULL, NULL, 'i', '2017-06-05 23:17:42'),
(93, 'Parth Shah', '0824449383', 'parth98shah@gmail.com', NULL, NULL, NULL, NULL, 'i', '2017-06-08 10:12:08'),
(94, 'surya', '0859999199', 'dheerendar@gmail.com', NULL, NULL, NULL, NULL, 'i', '2017-06-10 05:34:03'),
(95, 'Matthew Bruggen', '0879810730', 'matthew_bruggen@hotmail.com', '17491944', '1050.00', '39.38', '02', 'a', '2017-06-17 15:19:50'),
(96, 'Ernesto Caraveo', '09017424061', 'latinopsyd@yahoo.com', '17542228', '6300.00', '236.25', '02', 'a', '2017-06-23 01:49:47'),
(97, 'Opas Assanee', '0929822892', 'i-am-bert@hotmail.com', '17562625', '700.00', '26.25', '02', 'a', '2017-06-25 05:37:56'),
(98, 'Paiboon L.', '0817628497', 'l_paiboon@yahoo.com', '17607015', '2100.00', '78.75', '02', 'a', '2017-06-29 10:04:11'),
(99, 'Alex Ankn', '66943070650', 'marusikan@gmail.com', '17644029', '700.00', '26.25', '02', 'a', '2017-07-03 04:03:22'),
(100, 'Joyce lim', '0962396501', 'enjoy.nz@hotmail.com', NULL, NULL, NULL, NULL, 'i', '2017-07-19 15:21:36'),
(101, 'Nori Brixen', '0925518407', 'norichak@gmail.com', '17823041', '1560.00', '58.50', '02', 'a', '2017-07-20 04:18:12'),
(102, 'Onuma Skaalheim ', '0980169188', 'onskaal@gmail.com', NULL, NULL, NULL, NULL, 'i', '2017-07-31 01:01:16'),
(103, 'k', '', '', NULL, NULL, NULL, NULL, 'i', '2017-08-03 08:44:33'),
(104, 'Justin', '0967216446', 'jeredtonjatron15972@gmail.com', '17979286', '700.00', '0.00', '06', 'p', '2017-08-03 09:29:36'),
(105, 'Aviela daves', '0628380693', 'and-225@hotmail.com', '17991731', '700.00', '0.00', '06', 'p', '2017-08-04 10:18:22'),
(106, 'GUIGNARD Damien', '0952471047', 'damien.guignard@gmail.com', NULL, NULL, NULL, NULL, 'i', '2017-08-28 04:30:26'),
(107, 'Damien Guignard', '0952471047', 'damien.guignard@gmail.com', NULL, NULL, NULL, NULL, 'i', '2017-08-28 04:38:07'),
(108, 'Saga Khaled Ali Hassan barghash', '0615602811', 'sagabarghash26@gmail.com', NULL, NULL, NULL, NULL, 'i', '2017-09-01 10:50:24'),
(109, 'Ernesto Caraveo', '09017424061', 'latinopsyd@yahoo.com', NULL, NULL, NULL, NULL, 'i', '2017-09-12 09:20:21'),
(110, 'Manuel Hutter', '0868162727', 'manuelhutter@hotmail.com', '18456795', '2100.00', '78.75', '02', 'a', '2017-09-14 10:57:07'),
(111, 'Amelia ', '0951051872', 'amel_prasetio@yahoo.com', NULL, NULL, NULL, NULL, 'i', '2017-09-22 02:27:30'),
(112, 'Marina ', '0943070650', 'marusikan@gmail.com', '18529488', '700.00', '26.25', '02', 'a', '2017-09-22 03:25:45'),
(113, 'Kuhn Lisa', '095-815-2486', 'bolor9719@gmail.com', NULL, NULL, NULL, NULL, 'i', '2017-10-05 07:34:48'),
(114, 'David Melody', '080 392 8806', 'melodydavid@hotmail.com', NULL, NULL, NULL, NULL, 'i', '2017-10-07 05:03:47'),
(115, 'Marina Anashkina ', '0943070650', 'marusikan@gmail.com', '18712820', '700.00', '26.25', '02', 'a', '2017-10-08 01:32:07'),
(116, 'ปุญฐิตา หาญไชยพิบูลย์กุล', '0816406540', 'fon5354@hotmail.com', '18818416', '1070.00', '40.13', '02', 'a', '2017-10-16 14:39:14'),
(117, 'Nutcha', '0868863414', '', NULL, NULL, NULL, NULL, 'i', '2017-10-20 08:51:42'),
(118, 'Patnaree', '0942826693', 'snowinputney@gmail.com', NULL, NULL, NULL, NULL, 'i', '2017-10-22 13:23:50'),
(119, 'Antonio Jose de Souza Ramos', '0859263151', 'antoniosramos@uol.com.br', NULL, NULL, NULL, NULL, 'i', '2017-10-23 10:13:53'),
(120, 'Lucy Johnson', '0633619318', 'lulujohnson2@hotmail.com', NULL, NULL, NULL, NULL, 'i', '2017-10-23 20:25:47'),
(121, 'Antonio Jose de Souza Ramos', '0859263151', 'antoniosramos@uol.com.br', '18893923', '980.00', '36.75', '02', 'a', '2017-10-24 03:18:04'),
(122, 'gavin roper', '0618382182', 'gjroper@yahoo.com', NULL, NULL, NULL, NULL, 'i', '2017-11-05 07:54:05'),
(123, 'gavin roper', '0618382182', 'gjroper@yahoo.com', '19000789', '350.00', '13.13', '02', 'a', '2017-11-05 08:08:16'),
(124, 'Paiboon', '0817628497', 'l_paiboon@yahoo.com', NULL, NULL, NULL, NULL, 'i', '2017-11-11 16:43:55'),
(125, 'Matthew Bruggen', '0879810730', 'matthew_bruggen@hotmail.com', '19101137', '1050.00', '39.38', '02', 'a', '2017-11-18 01:44:31'),
(126, 'Laura Sargeant', '0628673028', 'laurasarge@hotmail.com', NULL, NULL, NULL, NULL, 'i', '2017-11-22 06:14:46'),
(127, 'Sutheemon Lertsakuncharoen', '099-054-9993', 'sutheemon_hsm@hotmail.com', NULL, NULL, NULL, NULL, 'i', '2017-12-06 04:13:59'),
(128, 'Rachnee', '0817101688', 'bosky76@hotmail.com', NULL, NULL, NULL, NULL, 'i', '2017-12-09 05:32:42'),
(129, 'panida', '0936595623', 'panida@bangkok-rockinjump.com', NULL, NULL, NULL, NULL, 'i', '2017-12-14 13:56:23'),
(130, 'Unalienable Chomngarm', '0646467519', 'chomngarm@comcast.net', NULL, NULL, NULL, NULL, 'i', '2017-12-26 04:29:30'),
(131, 'Rie Sato', '0899385747', 'jwdwjwdw@yahoo.com', NULL, NULL, NULL, NULL, 'i', '2017-12-27 01:25:17'),
(132, 'Rie Sato', '0899385747', 'jwdwjwdw@yahoo.com', NULL, NULL, NULL, NULL, 'i', '2017-12-27 02:41:11'),
(133, 'YUKO MORI', '0929242297', 'yucomolee@gmail.com', NULL, NULL, NULL, NULL, 'i', '2017-12-28 01:47:25'),
(134, 'Matthew Hunt', '0645910959', 'matt@writingbymatt.com', NULL, NULL, NULL, NULL, 'i', '2017-12-28 18:10:48'),
(135, 'hiruta', '080', 'hiruta.koiyo@gmail.com', NULL, NULL, NULL, NULL, 'i', '2018-01-01 22:43:39'),
(136, 'SACHIYO HIRUTA', '08065794866', 'hiruta.koiyo@gmail.com', NULL, NULL, NULL, NULL, 'i', '2018-01-03 01:02:28'),
(137, 'ddd', '098899000', 'k@gmail.com', NULL, NULL, NULL, NULL, 'i', '2018-01-12 06:31:54');

-- --------------------------------------------------------

--
-- โครงสร้างตาราง `st_invoice_item`
--

CREATE TABLE IF NOT EXISTS `st_invoice_item` (
  `id` int(10) unsigned NOT NULL AUTO_INCREMENT,
  `invoice_id` int(10) unsigned NOT NULL,
  `type` varchar(255) COLLATE utf8_unicode_ci NOT NULL,
  `name` varchar(255) COLLATE utf8_unicode_ci NOT NULL,
  `price` decimal(8,2) NOT NULL,
  `quantity` int(11) NOT NULL,
  PRIMARY KEY (`id`),
  KEY `st_invoice_item_invoice_id_foreign` (`invoice_id`)
) ENGINE=InnoDB  DEFAULT CHARSET=utf8 COLLATE=utf8_unicode_ci AUTO_INCREMENT=147 ;

--
-- dump ตาราง `st_invoice_item`
--

INSERT INTO `st_invoice_item` (`id`, `invoice_id`, `type`, `name`, `price`, `quantity`) VALUES
(2, 2, 'jump', '60 Minutes of Jump', '400.00', 1),
(3, 3, 'jump', 'ROCKIN'' MONDAYS & TUESDAYS', '400.00', 2),
(4, 4, 'jump', 'ROCKIN'' MONDAYS & TUESDAYS', '400.00', 2),
(5, 5, 'jump', 'ROCKIN'' MONDAYS & TUESDAYS', '400.00', 0),
(6, 5, 'jump', 'ROCKIN'' MONDAYS & TUESDAYS', '400.00', 3),
(7, 6, 'jump', '60 Minutes of Jump', '400.00', 1),
(8, 7, 'jump', '60 Minutes of Jump', '400.00', 6),
(9, 8, 'jump', '60 Minutes of Jump', '400.00', 1),
(10, 9, 'jump', 'ROCKIN'' MONDAYS & TUESDAYS', '400.00', 4),
(11, 10, 'jump', 'ROCKIN'' MONDAYS & TUESDAYS', '400.00', 4),
(12, 11, 'jump', '60 Minutes of Jump', '400.00', 2),
(13, 12, 'jump', 'ROCKIN'' FRIDAYS', '400.00', 3),
(14, 13, 'jump', 'ROCKIN'' FRIDAYS', '400.00', 1),
(15, 14, 'jump', 'ROCKIN'' MONDAYS & TUESDAYS', '400.00', 1),
(16, 15, 'jump', 'ROCKIN'' TOTS (Parent & Child under 6 years)', '600.00', 1),
(17, 16, 'jump', 'Unlimited Jump (Mondays)', '350.00', 13),
(18, 17, 'jump', 'Unlimited Jump (Tuesdays)', '350.00', 13),
(19, 18, 'jump', '60 Minutes of Jump', '350.00', 6),
(20, 19, 'jump', 'Group Class', '600.00', 2),
(21, 20, 'jump', '60 Minutes of Jump', '350.00', 6),
(22, 21, 'jump', 'Unlimited Jump (Monday)', '350.00', 1),
(23, 22, 'jump', '60 Minutes of Jump', '350.00', 1),
(24, 23, 'jump', '60 Minutes of Jump', '350.00', 2),
(25, 24, 'jump', 'Come 2 Pay for 1', '400.00', 2),
(26, 25, 'jump', '60 Minutes of Jump', '350.00', 3),
(27, 26, 'jump', '60 Minutes of Jump', '350.00', 2),
(28, 27, 'jump', '60 Minutes of Jump', '350.00', 2),
(29, 28, 'jump', 'Unlimited Jump (Monday)', '350.00', 2),
(30, 29, 'jump', 'Unlimited Jump (Tuesday)', '350.00', 1),
(31, 30, 'jump', 'Unlimited Jump (Tuesday)', '350.00', 1),
(32, 31, 'jump', 'Unlimited Jump (Tuesday)', '350.00', 1),
(33, 32, 'jump', 'Unlimited Jump (Tuesday)', '350.00', 1),
(34, 33, 'jump', 'Unlimited Jump (Tuesday)', '350.00', 1),
(35, 34, 'jump', 'Unlimited Jump (Tuesday)', '350.00', 1),
(36, 35, 'jump', 'Unlimited Jump (Tuesday)', '350.00', 1),
(37, 36, 'jump', 'Unlimited Jump (Tuesday)', '350.00', 1),
(38, 37, 'jump', 'Unlimited Jump (Tuesday)', '350.00', 1),
(39, 38, 'jump', 'Unlimited Jump (Tuesday)', '350.00', 1),
(40, 39, 'jump', 'Unlimited Jump (Tuesday)', '350.00', 1),
(41, 40, 'jump', '60 Minutes of Jump', '350.00', 6),
(42, 41, 'jump', 'Unlimited Jump (Monday)', '350.00', 2),
(43, 42, 'jump', 'Unlimited Jump (Monday)', '350.00', 5),
(44, 43, 'jump', '60 Minutes of Jump', '350.00', 2),
(45, 44, 'jump', '60 Minutes of Jump', '350.00', 1),
(46, 45, 'jump', '60 Minutes of Jump', '350.00', 3),
(47, 46, 'jump', '60 Minutes of Jump', '350.00', 3),
(48, 47, 'jump', '120 Minutes of Jump', '700.00', 4),
(49, 48, 'jump', '120 Minutes of Jump', '700.00', 4),
(50, 49, 'jump', 'Come 2 pay for 1', '700.00', 1),
(51, 50, 'jump', 'Come 2 pay for 1', '350.00', 2),
(52, 51, 'jump', '60 Minutes of Jump', '350.00', 6),
(53, 52, 'jump', '60 Minutes of Jump', '350.00', 3),
(54, 53, 'jump', '60 Minutes of Jump', '350.00', 3),
(55, 54, 'jump', 'Unlimited Jump (Tuesday)', '350.00', 2),
(56, 55, 'jump', 'Unlimited Jump (Tuesday)', '350.00', 2),
(57, 56, 'jump', 'Unlimited Jump (Tuesday)', '350.00', 2),
(58, 57, 'jump', 'Student Day', '390.00', 2),
(59, 58, 'jump', '60 Minutes of Jump', '350.00', 2),
(60, 59, 'jump', 'Unlimited Jump (Tuesday)', '350.00', 2),
(61, 60, 'jump', '60 Minutes of Jump', '350.00', 4),
(62, 61, 'jump', '60 Minutes of Jump', '350.00', 4),
(63, 62, 'jump', '60 Minutes of Jump', '350.00', 1),
(64, 63, 'jump', 'Tripwire (2 Games)', '45.00', 4),
(65, 64, 'jump', '60 Minutes of Jump', '350.00', 1),
(66, 64, 'jump', '120 Minutes of Jump', '700.00', 1),
(67, 65, 'jump', 'Tripwire (2 Games)', '45.00', 1),
(71, 69, 'jump', 'Tripwire (2 Games)', '45.00', 1),
(72, 70, 'jump', 'Unlimited Jump (Monday)', '350.00', 2),
(73, 71, 'jump', '60 Minutes of Jump', '350.00', 1),
(74, 72, 'jump', 'Student Day', '390.00', 2),
(75, 72, 'jump', 'Student Day', '390.00', 2),
(76, 73, 'jump', 'Tripwire (2 Games)', '45.00', 2),
(77, 73, 'jump', '60 Minutes of Jump', '350.00', 3),
(78, 74, 'jump', '60 Minutes of Jump', '350.00', 3),
(79, 75, 'jump', '120 Minutes of Jump', '700.00', 2),
(80, 76, 'jump', 'Unlimited Jump (Monday)', '350.00', 3),
(81, 77, 'jump', 'Unlimited Jump (Tuesday)', '350.00', 2),
(82, 78, 'jump', '60 Minutes of Jump', '350.00', 1),
(83, 79, 'jump', '60 Minutes of Jump', '350.00', 2),
(84, 80, 'jump', '60 Minutes of Jump', '350.00', 3),
(85, 82, 'jump', '60 Minutes of Jump', '350.00', 1),
(86, 83, 'jump', '60 Minutes of Jump', '350.00', 3),
(87, 84, 'jump', '60 Minutes of Jump', '350.00', 3),
(88, 85, 'jump', 'Unlimited Jump (Tuesday)', '350.00', 2),
(89, 85, 'jump', 'Unlimited Jump (Tuesday)', '350.00', 0),
(90, 86, 'jump', '120 Minutes of Jump', '700.00', 1),
(91, 87, 'jump', '120 Minutes of Jump', '700.00', 1),
(92, 88, 'jump', '60 Minutes of Jump', '350.00', 1),
(93, 89, 'jump', '120 Minutes of Jump', '700.00', 1),
(94, 89, 'jump', '120 Minutes of Jump', '700.00', 1),
(95, 89, 'jump', '120 Minutes of Jump', '700.00', 1),
(96, 90, 'jump', '120 Minutes of Jump', '700.00', 1),
(97, 91, 'jump', '60 Minutes of Jump', '350.00', 3),
(98, 92, 'jump', '60 Minutes of Jump', '350.00', 1),
(99, 93, 'jump', '60 Minutes of Jump', '350.00', 4),
(100, 94, 'jump', '60 Minutes of Jump', '350.00', 3),
(101, 95, 'jump', '60 Minutes of Jump', '350.00', 3),
(102, 96, 'jump', '120 Minutes of Jump', '700.00', 9),
(103, 97, 'jump', '120 Minutes of Jump', '700.00', 1),
(104, 98, 'jump', '120 Minutes of Jump', '700.00', 3),
(105, 99, 'jump', '60 Minutes of Jump', '350.00', 2),
(106, 100, 'jump', 'Student Day', '390.00', 2),
(107, 101, 'jump', 'Student Day', '390.00', 4),
(108, 102, 'jump', 'Unlimited Jump (Monday)', '490.00', 2),
(109, 103, 'jump', 'Rockin'' Friday (4 hrs.@4-8pm)', '700.00', 1),
(110, 104, 'jump', 'Rockin'' Friday (4 hrs.@4-8pm)', '700.00', 1),
(111, 105, 'jump', '60 Minutes of Jump', '350.00', 2),
(112, 106, 'jump', 'Unlimited Jump (Monday)', '490.00', 11),
(113, 107, 'jump', 'Unlimited Jump (Monday)', '490.00', 11),
(114, 108, 'jump', 'Tripwire (2 Games)', '45.00', 5),
(115, 108, 'jump', '120 Minutes of Jump', '700.00', 3),
(116, 109, 'jump', '60 Minutes of Jump', '350.00', 2),
(117, 110, 'jump', '60 Minutes of Jump', '350.00', 6),
(118, 111, 'jump', '60 Minutes of Jump', '350.00', 2),
(119, 112, 'jump', '60 Minutes of Jump', '350.00', 2),
(120, 113, 'jump', '60 Minutes of Jump', '350.00', 3),
(121, 114, 'jump', '60 Minutes of Jump', '350.00', 2),
(122, 115, 'jump', '60 Minutes of Jump', '350.00', 0),
(123, 115, 'jump', '120 Minutes of Jump', '700.00', 1),
(124, 116, 'jump', 'Unlimited Jump (Tuesday)', '490.00', 2),
(125, 116, 'jump', 'Tripwire (2 Games)', '45.00', 2),
(126, 117, 'jump', '60 Minutes of Jump', '350.00', 2),
(127, 118, 'jump', 'Unlimited Jump (Monday)', '490.00', 4),
(128, 119, 'jump', 'Unlimited Jump (Tuesday)', '490.00', 2),
(129, 120, 'jump', '60 Minutes of Jump', '350.00', 2),
(130, 121, 'jump', 'Unlimited Jump (Tuesday)', '490.00', 2),
(131, 122, 'jump', '60 Minutes of Jump', '350.00', 1),
(132, 123, 'jump', '60 Minutes of Jump', '350.00', 1),
(133, 124, 'jump', '60 Minutes of Jump', '350.00', 2),
(134, 125, 'jump', '60 Minutes of Jump', '350.00', 3),
(135, 126, 'jump', 'Fun Pack (4 Jumpers + Food & Drink)', '1290.00', 2),
(136, 127, 'jump', 'Unlimited Jump (Monday)', '490.00', 3),
(137, 128, 'jump', '60 Minutes of Jump', '350.00', 2),
(138, 129, 'pass', 'CHRISTMAS PARTY (ALL DAY JUMP 599 B. @ 23 DEC 17)', '599.00', 1),
(139, 130, 'jump', 'Unlimited Jump (Tuesday)', '490.00', 2),
(140, 131, 'jump', 'Student Day', '390.00', 6),
(141, 132, 'jump', 'Student Day', '390.00', 6),
(142, 133, 'jump', 'Student Day', '390.00', 4),
(143, 134, 'jump', '60 Minutes of Jump', '350.00', 2),
(144, 135, 'jump', '60 Minutes of Jump', '350.00', 4),
(145, 136, 'jump', '60 Minutes of Jump', '350.00', 4),
(146, 137, 'jump', '60 Minutes of Jump', '350.00', 2);

-- --------------------------------------------------------

--
-- โครงสร้างตาราง `st_invoice_item_jump`
--

CREATE TABLE IF NOT EXISTS `st_invoice_item_jump` (
  `id` int(10) unsigned NOT NULL AUTO_INCREMENT,
  `invoice_item_id` int(10) unsigned NOT NULL,
  `ticket_id` int(10) unsigned NOT NULL,
  `description` varchar(255) COLLATE utf8_unicode_ci NOT NULL,
  `reserve_date` date NOT NULL,
  `reserve_time` time NOT NULL,
  PRIMARY KEY (`id`),
  KEY `st_invoice_item_jump_invoice_item_id_foreign` (`invoice_item_id`),
  KEY `st_invoice_item_jump_ticket_id_foreign` (`ticket_id`)
) ENGINE=InnoDB  DEFAULT CHARSET=utf8 COLLATE=utf8_unicode_ci AUTO_INCREMENT=146 ;

--
-- dump ตาราง `st_invoice_item_jump`
--

INSERT INTO `st_invoice_item_jump` (`id`, `invoice_item_id`, `ticket_id`, `description`, `reserve_date`, `reserve_time`) VALUES
(2, 2, 2, 'OPEN JUMP', '2016-07-27', '07:00:00'),
(7, 7, 2, 'OPEN JUMP', '2016-08-10', '07:00:00'),
(8, 8, 2, 'OPEN JUMP', '2016-08-21', '04:00:00'),
(9, 9, 2, 'OPEN JUMP', '2016-08-19', '16:00:00'),
(12, 12, 2, 'OPEN JUMP', '2016-08-26', '05:00:00'),
(16, 16, 184, 'ROCKIN'' TOTS (Parent & Child under 6 years)', '2016-09-28', '09:00:00'),
(17, 17, 257, 'OCTOBER (School Break Special)', '2016-10-04', '17:00:00'),
(18, 18, 258, 'OCTOBER (School Break Special)', '2016-10-04', '17:00:00'),
(19, 19, 259, 'OCTOBER (School Break Special)', '2016-10-09', '15:30:00'),
(20, 20, 239, 'ROCKIN'' GYMNASTICS ON TRAMPOLINES', '2016-10-13', '16:30:00'),
(21, 21, 259, 'OCTOBER (School Break Special)', '2016-10-22', '10:00:00'),
(22, 22, 303, 'ROCKIN'' MONDAYS', '2016-11-14', '15:00:00'),
(23, 23, 301, 'STANDARD JUMP TIME', '2016-11-25', '14:30:00'),
(24, 24, 301, 'STANDARD JUMP TIME', '2016-11-18', '19:00:00'),
(25, 25, 293, 'ROCKIN'' THURSDAYS', '2016-12-01', '17:30:00'),
(26, 26, 301, 'STANDARD JUMP TIME', '2016-12-17', '14:00:00'),
(27, 27, 307, 'STANDARD JUMP TIME', '2016-12-18', '11:30:00'),
(28, 28, 307, 'STANDARD JUMP TIME', '2016-12-18', '15:30:00'),
(29, 29, 315, 'ROCKIN'' MONDAYS', '2016-12-26', '14:00:00'),
(30, 30, 310, 'ROCKIN'' TUESDAYS', '2016-12-27', '04:00:00'),
(31, 31, 310, 'ROCKIN'' TUESDAYS', '2016-12-27', '04:00:00'),
(32, 32, 310, 'ROCKIN'' TUESDAYS', '2016-12-27', '11:00:00'),
(33, 33, 310, 'ROCKIN'' TUESDAYS', '2016-12-27', '11:00:00'),
(34, 34, 310, 'ROCKIN'' TUESDAYS', '2016-12-27', '11:00:00'),
(35, 35, 310, 'ROCKIN'' TUESDAYS', '2016-12-27', '11:00:00'),
(36, 36, 310, 'ROCKIN'' TUESDAYS', '2016-12-27', '11:00:00'),
(37, 37, 310, 'ROCKIN'' TUESDAYS', '2016-12-27', '11:00:00'),
(38, 38, 310, 'ROCKIN'' TUESDAYS', '2016-12-27', '04:00:00'),
(39, 39, 310, 'ROCKIN'' TUESDAYS', '2016-12-27', '04:00:00'),
(40, 40, 310, 'ROCKIN'' TUESDAYS', '2016-12-27', '11:00:00'),
(41, 41, 307, 'STANDARD JUMP TIME', '2016-12-30', '11:00:00'),
(42, 42, 315, 'ROCKIN'' MONDAYS', '2017-01-02', '12:00:00'),
(43, 43, 315, 'ROCKIN'' MONDAYS', '2017-01-02', '11:00:00'),
(44, 44, 317, 'STANDARD JUMP TIME', '2017-01-06', '09:30:00'),
(45, 45, 317, 'STANDARD JUMP TIME', '2017-01-07', '10:00:00'),
(46, 46, 323, 'STANDARD JUMP TIME', '2017-01-14', '17:00:00'),
(47, 47, 323, 'STANDARD JUMP TIME', '2017-01-14', '15:30:00'),
(48, 48, 324, 'STANDARD JUMP TIME', '2017-01-13', '06:00:00'),
(49, 49, 324, 'STANDARD JUMP TIME', '2017-01-13', '06:30:00'),
(50, 50, 335, 'Children''s day (ONLY @ Sat 14 Jan 17) : Come 2 pay for 1', '2017-01-14', '14:00:00'),
(51, 51, 334, 'Children''s day (ONLY @ Sat 14 Jan 17) : Come 2 pay for 1', '2017-01-14', '17:00:00'),
(52, 52, 323, 'STANDARD JUMP TIME', '2017-01-28', '10:00:00'),
(53, 53, 323, 'STANDARD JUMP TIME', '2017-02-17', '12:00:00'),
(54, 54, 323, 'STANDARD JUMP TIME', '2017-02-17', '19:00:00'),
(55, 55, 341, 'ROCKIN'' TUESDAYS (exclude Holidays)', '2017-02-28', '13:00:00'),
(56, 56, 341, 'ROCKIN'' TUESDAYS (exclude Holidays)', '2017-02-28', '13:00:00'),
(57, 57, 341, 'ROCKIN'' TUESDAYS (exclude Holidays)', '2017-02-28', '11:00:00'),
(58, 58, 322, 'ROCKIN'' THURSDAYS (exclude Holidays)', '2017-02-23', '10:30:00'),
(59, 59, 338, 'STANDARD JUMP TIME', '2017-02-26', '17:00:00'),
(60, 60, 341, 'ROCKIN'' TUESDAYS (exclude Holidays)', '2017-02-28', '13:00:00'),
(61, 61, 338, 'STANDARD JUMP TIME', '2017-03-11', '13:30:00'),
(62, 62, 338, 'STANDARD JUMP TIME', '2017-03-11', '13:30:00'),
(63, 63, 338, 'STANDARD JUMP TIME', '2017-03-16', '12:00:00'),
(64, 64, 348, 'Tripwire (Laser Room)', '2017-03-23', '18:30:00'),
(65, 65, 338, 'STANDARD JUMP TIME', '2017-03-15', '13:30:00'),
(66, 66, 339, 'STANDARD JUMP TIME', '2017-03-15', '13:30:00'),
(67, 67, 348, 'Tripwire (Laser Room)', '2017-03-20', '11:30:00'),
(71, 71, 348, 'Tripwire (Laser Room)', '2017-03-16', '09:00:00'),
(72, 72, 340, 'ROCKIN'' MONDAYS (exclude Holidays)', '2017-03-20', '11:00:00'),
(73, 73, 338, 'STANDARD JUMP TIME', '2017-03-24', '12:30:00'),
(74, 74, 322, 'ROCKIN'' THURSDAYS (exclude Holidays)', '2017-03-30', '14:00:00'),
(75, 75, 322, 'ROCKIN'' THURSDAYS (exclude Holidays)', '2017-03-30', '14:00:00'),
(76, 76, 348, 'Tripwire (Laser Room)', '2017-04-02', '12:00:00'),
(77, 77, 338, 'STANDARD JUMP TIME', '2017-04-02', '12:00:00'),
(78, 78, 338, 'STANDARD JUMP TIME', '2017-04-06', '14:00:00'),
(79, 79, 339, 'STANDARD JUMP TIME', '2017-04-06', '11:00:00'),
(80, 80, 340, 'ROCKIN'' MONDAYS (exclude Holidays)', '2017-04-10', '14:00:00'),
(81, 81, 341, 'ROCKIN'' TUESDAYS (exclude Holidays)', '2017-04-11', '10:00:00'),
(82, 82, 338, 'STANDARD JUMP TIME', '2017-04-14', '16:30:00'),
(83, 83, 338, 'STANDARD JUMP TIME', '2017-04-29', '16:30:00'),
(84, 84, 338, 'STANDARD JUMP TIME', '2017-05-06', '15:00:00'),
(85, 85, 338, 'STANDARD JUMP TIME', '2017-05-06', '15:00:00'),
(86, 86, 351, 'STANDARD JUMP TIME', '2017-05-20', '19:00:00'),
(87, 87, 351, 'STANDARD JUMP TIME', '2017-05-20', '18:30:00'),
(88, 88, 354, 'ROCKIN'' TUESDAYS (exclude Holidays)', '2017-05-30', '17:00:00'),
(89, 89, 354, 'ROCKIN'' TUESDAYS (exclude Holidays)', '2017-05-30', '17:00:00'),
(90, 90, 361, 'STANDARD JUMP TIME', '2017-06-03', '13:00:00'),
(91, 91, 361, 'STANDARD JUMP TIME', '2017-06-03', '13:00:00'),
(92, 92, 360, 'STANDARD JUMP TIME', '2017-06-03', '13:00:00'),
(93, 93, 361, 'STANDARD JUMP TIME', '2017-06-03', '13:00:00'),
(94, 94, 361, 'STANDARD JUMP TIME', '2017-06-03', '13:00:00'),
(95, 95, 361, 'STANDARD JUMP TIME', '2017-06-03', '13:00:00'),
(96, 96, 361, 'STANDARD JUMP TIME', '2017-06-03', '13:00:00'),
(97, 97, 360, 'STANDARD JUMP TIME', '2017-06-03', '12:00:00'),
(98, 98, 360, 'STANDARD JUMP TIME', '2017-06-14', '15:00:00'),
(99, 99, 360, 'STANDARD JUMP TIME', '2017-06-09', '16:30:00'),
(100, 100, 360, 'STANDARD JUMP TIME', '2017-06-11', '10:30:00'),
(101, 101, 360, 'STANDARD JUMP TIME', '2017-06-18', '10:00:00'),
(102, 102, 361, 'STANDARD JUMP TIME', '2017-06-23', '16:30:00'),
(103, 103, 365, 'STANDARD JUMP TIME', '2017-06-25', '15:00:00'),
(104, 104, 365, 'STANDARD JUMP TIME', '2017-07-01', '11:00:00'),
(105, 105, 364, 'STANDARD JUMP TIME', '2017-07-03', '12:30:00'),
(106, 106, 368, 'ROCKIN'' THURSDAYS (exclude Holidays)', '2017-07-27', '14:00:00'),
(107, 107, 368, 'ROCKIN'' THURSDAYS (exclude Holidays)', '2017-07-20', '13:30:00'),
(108, 108, 367, 'ROCKIN'' MONDAYS (exclude Holidays)', '2017-07-31', '11:30:00'),
(109, 109, 374, 'ROCKIN'' FRIDAYS (700 Baht/ 4 Hrs. @ 4-8PM)', '2017-08-04', '04:00:00'),
(110, 110, 374, 'ROCKIN'' FRIDAYS (700 Baht/ 4 Hrs. @ 4-8PM)', '2017-08-04', '04:00:00'),
(111, 111, 364, 'STANDARD JUMP TIME', '2017-08-05', '16:30:00'),
(112, 112, 379, 'ROCKIN'' MONDAYS (exclude Holidays)', '2017-08-28', '15:00:00'),
(113, 113, 379, 'ROCKIN'' MONDAYS (exclude Holidays)', '2017-08-28', '14:30:00'),
(114, 114, 371, 'Tripwire (Laser Room)', '2017-09-01', '19:00:00'),
(115, 115, 378, 'STANDARD JUMP TIME', '2017-09-01', '18:00:00'),
(116, 116, 403, 'STANDARD JUMP TIME (1 hr. 350 baht)', '2017-09-13', '14:00:00'),
(117, 117, 403, 'STANDARD JUMP TIME (1 hr. 350 baht)', '2017-09-16', '16:30:00'),
(118, 118, 403, 'STANDARD JUMP TIME (1 hr. 350 baht)', '2017-09-22', '10:00:00'),
(119, 119, 403, 'STANDARD JUMP TIME (1 hr. 350 baht)', '2017-09-22', '12:00:00'),
(120, 120, 407, 'STANDARD JUMP TIME (1 hr. 350 baht)', '2017-10-07', '14:00:00'),
(121, 121, 407, 'STANDARD JUMP TIME (1 hr. 350 baht)', '2017-10-07', '13:30:00'),
(122, 122, 407, 'STANDARD JUMP TIME (1 hr. 350 baht)', '2017-10-08', '11:00:00'),
(123, 123, 408, 'STANDARD JUMP TIME (1 hr. 350 baht)', '2017-10-08', '11:00:00'),
(124, 124, 410, 'ROCKIN'' TUESDAYS (Unlimited jump 490 baht/ exclude holidays)', '2017-10-17', '12:00:00'),
(125, 125, 371, 'Tripwire (Laser Room)', '2017-10-17', '13:00:00'),
(126, 126, 407, 'STANDARD JUMP TIME (1 hr. 350 baht)', '2017-10-20', '16:30:00'),
(127, 127, 409, 'ROCKIN'' MONDAYS (Unlimited jump 490 baht/ exclude holidays)', '2017-10-23', '11:00:00'),
(128, 128, 410, 'ROCKIN'' TUESDAYS (Unlimited jump 490 baht/ exclude holidays)', '2017-10-24', '14:00:00'),
(129, 129, 407, 'STANDARD JUMP TIME (1 hr. 350 baht)', '2017-10-25', '14:30:00'),
(130, 130, 410, 'ROCKIN'' TUESDAYS (Unlimited jump 490 baht/ exclude holidays)', '2017-10-24', '13:30:00'),
(131, 131, 418, 'STANDARD JUMP TIME (1 hr. 350 baht)', '2017-11-05', '00:00:00'),
(132, 132, 418, 'STANDARD JUMP TIME (1 hr. 350 baht)', '2017-11-05', '00:00:00'),
(133, 133, 418, 'STANDARD JUMP TIME (1 hr. 350 baht)', '2017-11-12', '11:00:00'),
(134, 134, 418, 'STANDARD JUMP TIME (1 hr. 350 baht)', '2017-11-18', '10:00:00'),
(135, 135, 425, 'ROCKIN'' FUN PACK (SAT & SUN ONLY)', '2017-12-09', '10:00:00'),
(136, 136, 420, 'ROCKIN'' MONDAYS (Unlimited jump 490 baht/ exclude holidays)', '2017-12-25', '14:00:00'),
(137, 137, 418, 'STANDARD JUMP TIME (1 hr. 350 baht)', '2017-12-09', '13:00:00'),
(138, 139, 421, 'ROCKIN'' TUESDAYS (Unlimited jump 490 baht/ exclude holidays)', '2017-12-26', '15:00:00'),
(139, 140, 422, 'ROCKIN'' THURSDAYS (2 hrs. 390 baht/ exclude holidays)', '2017-12-28', '15:30:00'),
(140, 141, 422, 'ROCKIN'' THURSDAYS (2 hrs. 390 baht/ exclude holidays)', '2017-12-28', '15:30:00'),
(141, 142, 422, 'ROCKIN'' THURSDAYS (2 hrs. 390 baht/ exclude holidays)', '2017-12-28', '15:30:00'),
(142, 143, 418, 'STANDARD JUMP TIME (1 hr. 350 baht)', '2017-12-31', '15:30:00'),
(143, 144, 418, 'STANDARD JUMP TIME (1 hr. 350 baht)', '2018-01-03', '14:00:00'),
(144, 145, 418, 'STANDARD JUMP TIME (1 hr. 350 baht)', '2018-01-03', '17:00:00'),
(145, 146, 418, 'STANDARD JUMP TIME (1 hr. 350 baht)', '2018-01-13', '11:00:00');

-- --------------------------------------------------------

--
-- โครงสร้างตาราง `st_invoice_item_pass`
--

CREATE TABLE IF NOT EXISTS `st_invoice_item_pass` (
  `id` int(10) unsigned NOT NULL AUTO_INCREMENT,
  `invoice_item_id` int(10) unsigned NOT NULL,
  `pass_id` int(10) unsigned NOT NULL,
  `first_name` varchar(255) COLLATE utf8_unicode_ci NOT NULL,
  `last_name` varchar(255) COLLATE utf8_unicode_ci NOT NULL,
  `telephone` varchar(255) COLLATE utf8_unicode_ci DEFAULT NULL,
  `email` varchar(255) COLLATE utf8_unicode_ci DEFAULT NULL,
  PRIMARY KEY (`id`),
  KEY `st_invoice_item_pass_invoice_item_id_foreign` (`invoice_item_id`),
  KEY `st_invoice_item_pass_pass_id_foreign` (`pass_id`)
) ENGINE=InnoDB  DEFAULT CHARSET=utf8 COLLATE=utf8_unicode_ci AUTO_INCREMENT=2 ;

--
-- dump ตาราง `st_invoice_item_pass`
--

INSERT INTO `st_invoice_item_pass` (`id`, `invoice_item_id`, `pass_id`, `first_name`, `last_name`, `telephone`, `email`) VALUES
(1, 138, 10, 'panida', 'thipsotikul', '0936595623', 'panida@bangkok-rockinjump.com');

-- --------------------------------------------------------

--
-- โครงสร้างตาราง `st_pass`
--

CREATE TABLE IF NOT EXISTS `st_pass` (
  `id` int(10) unsigned NOT NULL AUTO_INCREMENT,
  `name` varchar(255) COLLATE utf8_unicode_ci NOT NULL,
  `duration_from` date NOT NULL,
  `duration_to` date NOT NULL,
  `price` decimal(8,2) NOT NULL,
  `status` varchar(1) COLLATE utf8_unicode_ci NOT NULL DEFAULT 'i',
  PRIMARY KEY (`id`)
) ENGINE=InnoDB  DEFAULT CHARSET=utf8 COLLATE=utf8_unicode_ci AUTO_INCREMENT=11 ;

--
-- dump ตาราง `st_pass`
--

INSERT INTO `st_pass` (`id`, `name`, `duration_from`, `duration_to`, `price`, `status`) VALUES
(1, 'VIP PASS - 3 Months', '2016-01-01', '2017-04-30', '6800.00', 'a'),
(2, 'VIP PASS - 6 Months', '2016-01-01', '2017-04-30', '11700.00', 'a'),
(3, 'VIP PASS - 12 Months', '2016-01-01', '2017-04-30', '20500.00', 'a'),
(6, 'Rockin'' Robics Pass', '2017-04-01', '2017-06-30', '5000.00', 'a'),
(7, 'Rockin'' Membership', '2017-05-01', '2017-12-31', '590.00', 'a'),
(9, 'Rockin'' Fit & Fun Camp!', '2017-05-01', '2017-05-31', '15500.00', 'i'),
(10, 'CHRISTMAS PARTY (ALL DAY JUMP 599 B. @ 23 DEC 17)', '2017-12-23', '2017-12-23', '599.00', 'a');

-- --------------------------------------------------------

--
-- โครงสร้างตาราง `st_remaining`
--

CREATE TABLE IF NOT EXISTS `st_remaining` (
  `id` int(10) unsigned NOT NULL AUTO_INCREMENT,
  `class_id` int(10) unsigned NOT NULL,
  `ticket_id` int(10) unsigned NOT NULL,
  `locked_date` date DEFAULT NULL,
  `locked_time` time DEFAULT NULL,
  PRIMARY KEY (`id`),
  KEY `st_remaining_class_id_foreign` (`class_id`),
  KEY `st_remaining_ticket_id_foreign` (`ticket_id`)
) ENGINE=InnoDB DEFAULT CHARSET=utf8 COLLATE=utf8_unicode_ci AUTO_INCREMENT=1 ;

-- --------------------------------------------------------

--
-- โครงสร้างตาราง `st_users`
--

CREATE TABLE IF NOT EXISTS `st_users` (
  `id` int(10) unsigned NOT NULL AUTO_INCREMENT,
  `name` varchar(255) COLLATE utf8_unicode_ci NOT NULL,
  `email` varchar(255) COLLATE utf8_unicode_ci NOT NULL,
  `password` varchar(60) COLLATE utf8_unicode_ci NOT NULL,
  PRIMARY KEY (`id`),
  UNIQUE KEY `st_users_email_unique` (`email`)
) ENGINE=InnoDB  DEFAULT CHARSET=utf8 COLLATE=utf8_unicode_ci AUTO_INCREMENT=2 ;

--
-- dump ตาราง `st_users`
--

INSERT INTO `st_users` (`id`, `name`, `email`, `password`) VALUES
(1, 'RJ Admin', 'admin@bangkok-rockinjump.com', 'rj@dmin');

--
-- Constraints for dumped tables
--

--
-- Constraints for table `st_class_daytime`
--
ALTER TABLE `st_class_daytime`
  ADD CONSTRAINT `st_class_daytime_class_id_foreign` FOREIGN KEY (`class_id`) REFERENCES `st_class` (`id`) ON DELETE CASCADE;

--
-- Constraints for table `st_class_ticket`
--
ALTER TABLE `st_class_ticket`
  ADD CONSTRAINT `st_class_ticket_class_id_foreign` FOREIGN KEY (`class_id`) REFERENCES `st_class` (`id`) ON DELETE CASCADE;

--
-- Constraints for table `st_invoice_item`
--
ALTER TABLE `st_invoice_item`
  ADD CONSTRAINT `st_invoice_item_invoice_id_foreign` FOREIGN KEY (`invoice_id`) REFERENCES `st_invoice` (`id`) ON DELETE CASCADE;

--
-- Constraints for table `st_invoice_item_jump`
--
ALTER TABLE `st_invoice_item_jump`
  ADD CONSTRAINT `st_invoice_item_jump_invoice_item_id_foreign` FOREIGN KEY (`invoice_item_id`) REFERENCES `st_invoice_item` (`id`) ON DELETE CASCADE,
  ADD CONSTRAINT `st_invoice_item_jump_ticket_id_foreign` FOREIGN KEY (`ticket_id`) REFERENCES `st_class_ticket` (`id`) ON DELETE CASCADE;

--
-- Constraints for table `st_invoice_item_pass`
--
ALTER TABLE `st_invoice_item_pass`
  ADD CONSTRAINT `st_invoice_item_pass_invoice_item_id_foreign` FOREIGN KEY (`invoice_item_id`) REFERENCES `st_invoice_item` (`id`) ON DELETE CASCADE,
  ADD CONSTRAINT `st_invoice_item_pass_pass_id_foreign` FOREIGN KEY (`pass_id`) REFERENCES `st_pass` (`id`) ON DELETE CASCADE;

--
-- Constraints for table `st_remaining`
--
ALTER TABLE `st_remaining`
  ADD CONSTRAINT `st_remaining_class_id_foreign` FOREIGN KEY (`class_id`) REFERENCES `st_class` (`id`) ON DELETE CASCADE,
  ADD CONSTRAINT `st_remaining_ticket_id_foreign` FOREIGN KEY (`ticket_id`) REFERENCES `st_class_ticket` (`id`) ON DELETE CASCADE;

/*!40101 SET CHARACTER_SET_CLIENT=@OLD_CHARACTER_SET_CLIENT */;
/*!40101 SET CHARACTER_SET_RESULTS=@OLD_CHARACTER_SET_RESULTS */;
/*!40101 SET COLLATION_CONNECTION=@OLD_COLLATION_CONNECTION */;
